timestamp,nucleusId,rootId,coord,groupId,subIndex,subCount,kind,pointA,pointB,identified,path,reporterName,reporterEmail,comment,holeLengthUm,holeWidthUm,holeDirection,throughHole
2026-08-07T00:00:00.000Z,254189,,"173184, 80427, 26888",bulkimport_astrohole_11718,1,1,nucleoplasmic_reticulum_2,"173143, 80180, 26883","173304, 80658, 26883",Astrocyte,Bulk import from All own data.xlsx,Søren Grubb (bulk import from All own data.xlsx),,Internal / Hole in center of nucleus,,,,"GFAP,ER,Microtubule"
2026-08-07T00:00:00.000Z,,,"177214, 78755, 27720",bulkimport_astrohole_11722,1,1,nucleoplasmic_reticulum_2,"176968, 78494, 27715","177196, 79031, 27718",Astrocyte,Bulk import from All own data.xlsx,Søren Grubb (bulk import from All own data.xlsx),,Tip in neuropil / Hole in center of nucleus,,,,"GFAP,Microtubule"
2026-08-07T00:00:00.000Z,,,"196473, 76731, 27600",bulkimport_astrohole_11725,1,1,nucleoplasmic_reticulum_2,"196431, 76705, 27584","196486, 77016, 27599",Astrocyte,Bulk import from All own data.xlsx,Søren Grubb (bulk import from All own data.xlsx),,Internal / Hole in center of nucleus,,,,"GFAP,ER,Microtubule"
2026-08-07T00:00:00.000Z,323503,,"200004, 77555, 26917",bulkimport_astrohole_11729,1,1,nucleoplasmic_reticulum_2,"200039, 77206, 26982","200294, 77751, 26982",Astrocyte,Bulk import from All own data.xlsx,Søren Grubb (bulk import from All own data.xlsx),,Tip in neuropil / Hole in center of nucleus / Large process going into parenchyma,,,,"GFAP,Mitochondria,ER,Microtubule"
2026-08-07T00:00:00.000Z,290066,,"193949, 81085, 26396",bulkimport_astrohole_11732,1,1,nucleoplasmic_reticulum_2,"193883, 80723, 26405","194087, 81204, 26405",Astrocyte,Bulk import from All own data.xlsx,Søren Grubb (bulk import from All own data.xlsx),,Tip in neuropil / Hole in center of nucleus / Large process going into parenchyma,,,,"GFAP,Mitochondria,ER,Microtubule"
2026-08-07T00:00:00.000Z,253987,,"178093, 82408, 26274",bulkimport_astrohole_11733,1,1,nucleoplasmic_reticulum_2,"178004, 82461, 26316","177892, 82059, 26295",Astrocyte,Bulk import from All own data.xlsx,Søren Grubb (bulk import from All own data.xlsx),,Tip in neuropil / Hole in center of nucleus,,,,"GFAP,ER,Microtubule"
2026-08-07T00:00:00.000Z,254012,,"179839, 82822, 26282",bulkimport_astrohole_11734,1,1,nucleoplasmic_reticulum_2,"179565, 83154, 26238","179861, 82668, 26246",Astrocyte,Bulk import from All own data.xlsx,Søren Grubb (bulk import from All own data.xlsx),,Tip in subpial space / Hole in center of nucleus,,,,"GFAP,ER,Microtubule"
2026-08-07T00:00:00.000Z,186724,,"146507, 85131, 26123",bulkimport_astrohole_11746,1,1,nucleoplasmic_reticulum_2,"146631, 85505, 26085","146341, 84969, 26084",Astrocyte,Bulk import from All own data.xlsx,Søren Grubb (bulk import from All own data.xlsx),,Tip in neuropil / Hole in center of nucleus,,,,"GFAP,ER,Microtubule"
2026-08-07T00:00:00.000Z,186625,,"140298, 86445, 25957",bulkimport_astrohole_11747,1,1,nucleoplasmic_reticulum_2,"140543, 86469, 25988","140446, 86286, 25962",Astrocyte,Bulk import from All own data.xlsx,Søren Grubb (bulk import from All own data.xlsx),,Internal / Hole in center of nucleus,,,,"GFAP,ER,Microtubule"
2026-08-07T00:00:00.000Z,253863,,"172073, 82333, 26142",bulkimport_astrohole_11759,1,1,nucleoplasmic_reticulum_2,"172025, 82392, 26165","172240, 82087, 26158",Astrocyte,Bulk import from All own data.xlsx,Søren Grubb (bulk import from All own data.xlsx),,Tip in neuropil / Hole in center of nucleus / 3 holes!,,,,"GFAP,ER"
2026-08-07T00:00:00.000Z,253855,,"171988, 83236, 25811",bulkimport_astrohole_11763,1,1,nucleoplasmic_reticulum_2,"172091, 83585, 25822","172210, 83074, 25822",Astrocyte,Bulk import from All own data.xlsx,Søren Grubb (bulk import from All own data.xlsx),,Tip in neuropil / Hole in center of nucleus,,,,"GFAP,ER,Microtubule"
2026-08-07T00:00:00.000Z,417655,,"247000, 74920, 25730",bulkimport_astrohole_11766,1,1,nucleoplasmic_reticulum_2,"247222, 75034, 25750","246978, 74515, 25749",Astrocyte,Bulk import from All own data.xlsx,Søren Grubb (bulk import from All own data.xlsx),,Tip in neuropil / Hole in center of nucleus,,,,"GFAP,ER"
2026-08-07T00:00:00.000Z,417593,,"256622, 73817, 25598",bulkimport_astrohole_11767,1,1,nucleoplasmic_reticulum_2,"256886, 73941, 25588","256649, 73525, 25587",Astrocyte,Bulk import from All own data.xlsx,Søren Grubb (bulk import from All own data.xlsx),,Tip in neuropil / Hole in center of nucleus,,,,"GFAP,ER,Microtubule"
2026-08-07T00:00:00.000Z,545522,,"314802, 68804, 25506",bulkimport_astrohole_11769,1,1,nucleoplasmic_reticulum_2,"315084, 68401, 25499","315021, 69454, 25551",Astrocyte,Bulk import from All own data.xlsx,Søren Grubb (bulk import from All own data.xlsx),,Internal / Hole in center of nucleus / Astrocyte swollen,,,,"GFAP,Mitochondria,ER"
2026-08-07T00:00:00.000Z,449164,,"265052, 74123, 26171",bulkimport_astrohole_11784,1,1,nucleoplasmic_reticulum_2,"265188, 74003, 26195","264979, 74351, 26172",Astrocyte,Bulk import from All own data.xlsx,Søren Grubb (bulk import from All own data.xlsx),,Tip in neuropil / Hole in center of nucleus,,,,"GFAP,ER,Microtubule"
2026-08-07T00:00:00.000Z,59088,,"98309, 83427, 25237",bulkimport_astrohole_11786,1,1,nucleoplasmic_reticulum_2,"98048, 83506, 25201","98129, 83903, 25218",Astrocyte,Bulk import from All own data.xlsx,Søren Grubb (bulk import from All own data.xlsx),,Tip in neuropil / Hole in center of nucleus,,,,"GFAP,Mitochondria"
2026-08-07T00:00:00.000Z,102745,,"112790, 87831, 23931",bulkimport_astrohole_11810,1,1,nucleoplasmic_reticulum_2,"112972, 88041, 23914","112660, 87577, 23938",Astrocyte,Bulk import from All own data.xlsx,Søren Grubb (bulk import from All own data.xlsx),,Internal / Hole in center of nucleus,,,,"GFAP,ER"
2026-08-07T00:00:00.000Z,150334,,"119225, 86450, 23618",bulkimport_astrohole_11822,1,1,nucleoplasmic_reticulum_2,"119082, 86181, 23595","119212, 86652, 23587",Astrocyte,Bulk import from All own data.xlsx,Søren Grubb (bulk import from All own data.xlsx),,Tip in neuropil / Hole in center of nucleus,,,,"GFAP,ER,Microtubule"
2026-08-07T00:00:00.000Z,55938,,"89471, 92394, 21609",bulkimport_astrohole_11829,1,1,nucleoplasmic_reticulum_2,"89110, 92382, 21591","89336, 92760, 21599",Astrocyte,Bulk import from All own data.xlsx,Søren Grubb (bulk import from All own data.xlsx),,Tip in neuropil / Hole in center of nucleus,,,,"GFAP,Mitochondria"
2026-08-07T00:00:00.000Z,100931,,"104296, 91390, 21347",bulkimport_astrohole_11832,1,1,nucleoplasmic_reticulum_2,"104283, 91513, 21365","104018, 91173, 21354",Astrocyte,Bulk import from All own data.xlsx,Søren Grubb (bulk import from All own data.xlsx),,Tip in neuropil / Hole in center of nucleus,,,,"GFAP,Microtubule"
2026-08-07T00:00:00.000Z,60930,,"85046, 97341, 18598",bulkimport_astrohole_11863,1,1,nucleoplasmic_reticulum_2,"84806, 97008, 18596","84795, 97498, 18599",Astrocyte,Bulk import from All own data.xlsx,Søren Grubb (bulk import from All own data.xlsx),,Tip in neuropil / Hole in center of nucleus,,,,"GFAP,Mitochondria,ER,Microtubule"
2026-08-07T00:00:00.000Z,60642,,"89520, 97167, 17525",bulkimport_astrohole_11874,1,1,nucleoplasmic_reticulum_2,"89652, 97415, 17509","89677, 96910, 17511",Astrocyte,Bulk import from All own data.xlsx,Søren Grubb (bulk import from All own data.xlsx),,Tip in neuropil / Hole in center of nucleus,,,,"GFAP,ER,Microtubule"
2026-08-07T00:00:00.000Z,17667,,"80087, 98036, 16403",bulkimport_astrohole_11884,1,1,nucleoplasmic_reticulum_2,"80927, 97978, 16374","79590, 97575, 16465",Astrocyte,Bulk import from All own data.xlsx,Søren Grubb (bulk import from All own data.xlsx),,Tip in neuropil / Hole in center of nucleus,,,,GFAP
2026-08-07T00:00:00.000Z,252721,,"166012, 82952, 23760",bulkimport_astrohole_11889,1,1,nucleoplasmic_reticulum_2,"165732, 83011, 23785","165935, 82675, 23753",Astrocyte,Bulk import from All own data.xlsx,Søren Grubb (bulk import from All own data.xlsx),,Tip in neuropil / Hole in center of nucleus,,,,"GFAP,ER,Microtubule"
2026-08-07T00:00:00.000Z,287160,,"186453, 82375, 22711",bulkimport_astrohole_11897,1,1,nucleoplasmic_reticulum_2,"186263, 82133, 22733","186648, 82694, 22746",Astrocyte,Bulk import from All own data.xlsx,Søren Grubb (bulk import from All own data.xlsx),,Tip in neuropil / Hole in center of nucleus / 2 nuclei!,,,,"GFAP,ER"
2026-08-07T00:00:00.000Z,252372,,"173797, 84059, 22221",bulkimport_astrohole_11899,1,1,nucleoplasmic_reticulum_2,"174289, 84424, 22176","174077, 84037, 22176",Astrocyte,Bulk import from All own data.xlsx,Søren Grubb (bulk import from All own data.xlsx),,Tip in neuropil / Hole in center of nucleus,,,,GFAP
2026-08-07T00:00:00.000Z,286994,,"186604, 84450, 22133",bulkimport_astrohole_11901,1,1,nucleoplasmic_reticulum_2,"186601, 84154, 22129","186767, 84844, 22125",Astrocyte,Bulk import from All own data.xlsx,Søren Grubb (bulk import from All own data.xlsx),,Tip in neuropil / Hole in center of nucleus,,,,GFAP
2026-08-07T00:00:00.000Z,286666,,"190871, 84727, 21803",bulkimport_astrohole_11904,1,1,nucleoplasmic_reticulum_2,"191427, 84896, 21796","191053, 84446, 21796",Astrocyte,Bulk import from All own data.xlsx,Søren Grubb (bulk import from All own data.xlsx),,Tip in neuropil / Hole in center of nucleus,,,,"GFAP,ER"
2026-08-07T00:00:00.000Z,286592,,"185297, 85391, 21219",bulkimport_astrohole_11905,1,1,nucleoplasmic_reticulum_2,"185446, 85695, 21204","185015, 85065, 21228",Astrocyte,Bulk import from All own data.xlsx,Søren Grubb (bulk import from All own data.xlsx),,Tip in neuropil / Hole in center of nucleus,,,,GFAP
2026-08-07T00:00:00.000Z,251206,,"172215, 88771, 20006",bulkimport_astrohole_11911,1,1,nucleoplasmic_reticulum_2,"171589, 88511, 19939","171541, 88388, 19960",Astrocyte,Bulk import from All own data.xlsx,Søren Grubb (bulk import from All own data.xlsx),,Tip in neuropil / Hole in center of nucleus,,,,GFAP
2026-08-07T00:00:00.000Z,104189,,"104483, 95942, 16409",bulkimport_astrohole_11913,1,1,nucleoplasmic_reticulum_2,"104316, 95769, 16456","104338, 96069, 16470",Astrocyte,Bulk import from All own data.xlsx,Søren Grubb (bulk import from All own data.xlsx),,Tip in neuropil / Hole in center of nucleus,,,,"GFAP,ER"
2026-08-07T00:00:00.000Z,59533,,"88731, 101063, 15242",bulkimport_astrohole_11922,1,1,nucleoplasmic_reticulum_2,"88587, 101546, 15317","88448, 101053, 15278",Astrocyte,Bulk import from All own data.xlsx,Søren Grubb (bulk import from All own data.xlsx),,Tip in neuropil / Hole in center of nucleus / Nice example!,,,,GFAP
2026-08-07T00:00:00.000Z,59580,,"93372, 99579, 14859",bulkimport_astrohole_11927,1,1,nucleoplasmic_reticulum_2,"93398, 99197, 14890","93731, 99462, 14910",Astrocyte,Bulk import from All own data.xlsx,Søren Grubb (bulk import from All own data.xlsx),,Tip in neuropil / Hole in center of nucleus,,,,"GFAP,ER"
2026-08-07T00:00:00.000Z,,,"107559, 103204, 14200",bulkimport_astrohole_11935,1,1,nucleoplasmic_reticulum_2,"107658, 103602, 14158","107919, 103863, 14187",Astrocyte,Bulk import from All own data.xlsx,Søren Grubb (bulk import from All own data.xlsx),,Internal / Hole in center of nucleus,,,,"GFAP,ER"
2026-08-07T00:00:00.000Z,,,"83777, 98202, 13793",bulkimport_astrohole_11938,1,1,nucleoplasmic_reticulum_2,"83678, 98368, 13804","83582, 97988, 13804",Astrocyte,Bulk import from All own data.xlsx,Søren Grubb (bulk import from All own data.xlsx),,Tip in neuropil / Hole in center of nucleus,,,,"GFAP,Mitochondria,ER"
2026-08-07T00:00:00.000Z,,,"88343, 99006, 13682",bulkimport_astrohole_11939,1,1,nucleoplasmic_reticulum_2,"88445, 99275, 13700","88470, 98857, 13711",Astrocyte,Bulk import from All own data.xlsx,Søren Grubb (bulk import from All own data.xlsx),,Tip in neuropil / Hole in center of nucleus,,,,"GFAP,Mitochondria,ER,Microtubule"
2026-08-07T00:00:00.000Z,,,"99203, 96790, 13375",bulkimport_astrohole_11947,1,1,nucleoplasmic_reticulum_2,"99254, 97157, 13366","99343, 96878, 13381",Astrocyte,Bulk import from All own data.xlsx,Søren Grubb (bulk import from All own data.xlsx),,Tip in neuropil / Hole in center of nucleus,,,,"GFAP,ER"
2026-08-07T00:00:00.000Z,,,"91302, 96083, 13322",bulkimport_astrohole_11948,1,1,nucleoplasmic_reticulum_2,"91115, 95910, 13320","91337, 96322, 13320",Astrocyte,Bulk import from All own data.xlsx,Søren Grubb (bulk import from All own data.xlsx),,Tip in neuropil / Hole in center of nucleus,,,,"GFAP,Mitochondria,ER,Microtubule"
2026-08-07T00:00:00.000Z,,,"114406, 100120, 13441",bulkimport_astrohole_11950,1,1,nucleoplasmic_reticulum_2,"114686, 99960, 13458","114609, 100221, 13417",Astrocyte,Bulk import from All own data.xlsx,Søren Grubb (bulk import from All own data.xlsx),,Tip in neuropil / Hole in center of nucleus,,,,"GFAP,ER"
2026-08-07T00:00:00.000Z,,,"109627, 98749, 13396",bulkimport_astrohole_11951,1,1,nucleoplasmic_reticulum_2,"109795, 98547, 13396","109488, 98974, 13396",Astrocyte,Bulk import from All own data.xlsx,Søren Grubb (bulk import from All own data.xlsx),,Tip in neuropil / Hole in center of nucleus,,,,"GFAP,ER,Microtubule"
2026-08-07T00:00:00.000Z,,,"85824, 95587, 13012",bulkimport_astrohole_11961,1,1,nucleoplasmic_reticulum_2,"85322, 95764, 13002","85109, 95424, 13015",Astrocyte,Bulk import from All own data.xlsx,Søren Grubb (bulk import from All own data.xlsx),,Tip in neuropil / Hole in center of nucleus,,,,"GFAP,ER"
2026-08-07T00:00:00.000Z,,,"105080, 92796, 12224",bulkimport_astrohole_11972,1,1,nucleoplasmic_reticulum_2,"105327, 93200, 12244","105401, 92735, 12248",Astrocyte,Bulk import from All own data.xlsx,Søren Grubb (bulk import from All own data.xlsx),,Tip in neuropil / Hole in center of nucleus,,,,"GFAP,ER,Microtubule"
2026-08-07T00:00:00.000Z,,,"106369, 91395, 11940",bulkimport_astrohole_11977,1,1,nucleoplasmic_reticulum_2,"106340, 91636, 11930","106263, 91246, 11931",Astrocyte,Bulk import from All own data.xlsx,Søren Grubb (bulk import from All own data.xlsx),,Tip in neuropil / Hole in center of nucleus,,,,"GFAP,ER,Microtubule"
2026-08-07T00:00:00.000Z,,,"95699, 91614, 11879",bulkimport_astrohole_11978,1,1,nucleoplasmic_reticulum_2,"95841, 91421, 11906","96016, 91720, 11906",Astrocyte,Bulk import from All own data.xlsx,Søren Grubb (bulk import from All own data.xlsx),,Tip in neuropil / Hole in center of nucleus,,,,"GFAP,ER,Microtubule"
2026-08-07T00:00:00.000Z,,,"105702, 90904, 11076",bulkimport_astrohole_11986,1,1,nucleoplasmic_reticulum_2,"105648, 91105, 11082","105394, 90716, 11083",Astrocyte,Bulk import from All own data.xlsx,Søren Grubb (bulk import from All own data.xlsx),,Tip in neuropil / Hole in center of nucleus,,,,"GFAP,ER,Microtubule"
2026-08-07T00:00:00.000Z,,,"109860, 89242, 10690",bulkimport_astrohole_11993,1,1,nucleoplasmic_reticulum_2,"109556, 89074, 10662","109264, 89377, 10662",Astrocyte,Bulk import from All own data.xlsx,Søren Grubb (bulk import from All own data.xlsx),,Tip in neuropil / Hole in center of nucleus,,,,"GFAP,ER,Microtubule"
2026-08-07T00:00:00.000Z,,,"112588, 89209, 10655",bulkimport_astrohole_11994,1,1,nucleoplasmic_reticulum_2,"112321, 88911, 10617","112563, 89453, 10617",Astrocyte,Bulk import from All own data.xlsx,Søren Grubb (bulk import from All own data.xlsx),,Tip in neuropil / Hole in center of nucleus,,,,"GFAP,Mitochondria,Microtubule"
2026-08-07T00:00:00.000Z,,,"87267, 93367, 9957",bulkimport_astrohole_11999,1,1,nucleoplasmic_reticulum_2,"87071, 93270, 9953","87219, 93682, 9968",Astrocyte,Bulk import from All own data.xlsx,Søren Grubb (bulk import from All own data.xlsx),,Tip in neuropil / Hole in center of nucleus,,,,"GFAP,ER,Microtubule"
2026-08-07T00:00:00.000Z,,,"85502, 93466, 9828",bulkimport_astrohole_12001,1,1,nucleoplasmic_reticulum_2,"85392, 93642, 9810","85767, 93383, 9857",Astrocyte,Bulk import from All own data.xlsx,Søren Grubb (bulk import from All own data.xlsx),,Tip in neuropil / Hole in center of nucleus,,,,"GFAP,ER"
2026-08-07T00:00:00.000Z,,,"102959, 92147, 9251",bulkimport_astrohole_12008,1,1,nucleoplasmic_reticulum_2,"102976, 92199, 9260","102674, 91868, 9260",Astrocyte,Bulk import from All own data.xlsx,Søren Grubb (bulk import from All own data.xlsx),,Tip in neuropil / Hole in center of nucleus,,,,"GFAP,Mitochondria,ER,Microtubule"
2026-08-07T00:00:00.000Z,,,"65317, 93510, 8497",bulkimport_astrohole_12018,1,1,nucleoplasmic_reticulum_2,"65385, 93752, 8485","65346, 93428, 8485",Astrocyte,Bulk import from All own data.xlsx,Søren Grubb (bulk import from All own data.xlsx),,Tip in neuropil / Hole in center of nucleus,,,,"GFAP,Mitochondria,ER,Microtubule"
2026-08-07T00:00:00.000Z,149553,,"124828, 89833, 21727",bulkimport_astrohole_12023,1,1,nucleoplasmic_reticulum_2,"124954, 90080, 21760","124742, 89533, 21733",Astrocyte,Bulk import from All own data.xlsx,Søren Grubb (bulk import from All own data.xlsx),,Internal / Hole in center of nucleus,,,,"GFAP,Mitochondria,ER,Microtubule"
2026-08-07T00:00:00.000Z,149469,,"121203, 89632, 21645",bulkimport_astrohole_12024,1,1,nucleoplasmic_reticulum_2,"121561, 89608, 21613","121374, 89275, 21623",Astrocyte,Bulk import from All own data.xlsx,Søren Grubb (bulk import from All own data.xlsx),,Tip in neuropil / Hole in center of nucleus,,,,"GFAP,ER,Microtubule"
2026-08-07T00:00:00.000Z,417129,,"245966, 76063, 22934",bulkimport_astrohole_12034,1,1,nucleoplasmic_reticulum_2,"246063, 76245, 22920","246216, 75904, 22934",Astrocyte,Bulk import from All own data.xlsx,Søren Grubb (bulk import from All own data.xlsx),,Tip in neuropil / Hole in center of nucleus / Lots of smooth ER,,,,"GFAP,ER,Microtubule"
2026-08-07T00:00:00.000Z,419025,,"246194, 80734, 19449",bulkimport_astrohole_12058,1,1,nucleoplasmic_reticulum_2,"246677, 81067, 19418","246314, 80616, 19416",Astrocyte,Bulk import from All own data.xlsx,Søren Grubb (bulk import from All own data.xlsx),,Internal / Hole in center of nucleus,,,,"GFAP,ER,Microtubule"
2026-08-07T00:00:00.000Z,419028,,"248440, 81963, 19258",bulkimport_astrohole_12059,1,1,nucleoplasmic_reticulum_2,"248189, 82347, 19277","247724, 81896, 19310",Astrocyte,Bulk import from All own data.xlsx,Søren Grubb (bulk import from All own data.xlsx),,Tip in neuropil / Hole in center of nucleus,,,,"GFAP,ER,Microtubule"
2026-08-07T00:00:00.000Z,387562,,"242501, 82451, 19196",bulkimport_astrohole_12060,1,1,nucleoplasmic_reticulum_2,"242388, 82275, 19214","242509, 82740, 19189",Astrocyte,Bulk import from All own data.xlsx,Søren Grubb (bulk import from All own data.xlsx),,Tip in neuropil / Hole in center of nucleus,,,,"GFAP,ER,Microtubule"
2026-08-07T00:00:00.000Z,100456,,"101965, 93067, 20753",bulkimport_astrohole_12069,1,1,nucleoplasmic_reticulum_2,"102350, 93165, 20776","102167, 92811, 20776",Astrocyte,Bulk import from All own data.xlsx,Søren Grubb (bulk import from All own data.xlsx),,Tip in neuropil / Hole in center of nucleus,,,,"GFAP,ER,Microtubule"
2026-08-07T00:00:00.000Z,100703,,"114178, 92574, 20424",bulkimport_astrohole_12073,1,1,nucleoplasmic_reticulum_2,"113656, 92835, 20418","113662, 92404, 20418",Astrocyte,Bulk import from All own data.xlsx,Søren Grubb (bulk import from All own data.xlsx),,Tip in neuropil / Hole in center of nucleus,,,,"GFAP,ER,Microtubule"
2026-08-07T00:00:00.000Z,61750,,"90252, 95632, 20224",bulkimport_astrohole_12074,1,1,nucleoplasmic_reticulum_2,"89695, 95598, 20244","89925, 95817, 20228",Astrocyte,Bulk import from All own data.xlsx,Søren Grubb (bulk import from All own data.xlsx),,Tip in neuropil / Hole in center of nucleus,,,,"GFAP,ER,Microtubule"
2026-08-07T00:00:00.000Z,148751,,"128946, 92225, 20015",bulkimport_astrohole_12077,1,1,nucleoplasmic_reticulum_2,"129393, 92286, 20025","129109, 91972, 20025",Astrocyte,Bulk import from All own data.xlsx,Søren Grubb (bulk import from All own data.xlsx),,Tip in neuropil / Hole in center of nucleus,,,,"GFAP,ER,Microtubule"
2026-08-07T00:00:00.000Z,148513,,"121310, 92703, 19553",bulkimport_astrohole_12080,1,1,nucleoplasmic_reticulum_2,"121478, 93232, 19537","121248, 92888, 19527",Astrocyte,Bulk import from All own data.xlsx,Søren Grubb (bulk import from All own data.xlsx),,Tip in neuropil / Hole in center of nucleus,,,,"GFAP,ER,Microtubule"
2026-08-07T00:00:00.000Z,151756,,"114870, 94894, 19465",bulkimport_astrohole_12082,1,1,nucleoplasmic_reticulum_2,"115130, 94780, 19500","114793, 94600, 19477",Astrocyte,Bulk import from All own data.xlsx,Søren Grubb (bulk import from All own data.xlsx),,Tip in neuropil / Hole in center of nucleus,,,,"GFAP,ER,Microtubule"
2026-08-07T00:00:00.000Z,104726,,"107204, 96553, 18844",bulkimport_astrohole_12086,1,1,nucleoplasmic_reticulum_2,"107458, 96781, 18869","107280, 96294, 18849",Astrocyte,Bulk import from All own data.xlsx,Søren Grubb (bulk import from All own data.xlsx),,Tip in neuropil / Hole in center of nucleus,,,,"GFAP,ER"
2026-08-07T00:00:00.000Z,183937,,"141652, 91373, 18846",bulkimport_astrohole_12088,1,1,nucleoplasmic_reticulum_2,"141747, 91618, 18846","141608, 91129, 18846",Astrocyte,Bulk import from All own data.xlsx,Søren Grubb (bulk import from All own data.xlsx),,Tip in neuropil / Hole in center of nucleus,,,,"GFAP,ER,Microtubule"
2026-08-07T00:00:00.000Z,,,"162731, 85316, 21803",bulkimport_astrohole_12103,1,1,nucleoplasmic_reticulum_2,"162228, 85556, 21775","162288, 85262, 21775",Astrocyte,Bulk import from All own data.xlsx,Søren Grubb (bulk import from All own data.xlsx),,Tip in neuropil / Hole in center of nucleus,,,,"GFAP,ER,Microtubule"
2026-08-07T00:00:00.000Z,185120,,"142316, 90369, 22067",bulkimport_astrohole_12107,1,1,nucleoplasmic_reticulum_2,"142217, 90140, 22136","141844, 90485, 22104",Astrocyte,Bulk import from All own data.xlsx,Søren Grubb (bulk import from All own data.xlsx),,Tip in subpial space / Hole in center of nucleus / Hole bifurcates,,,,"GFAP,ER"
2026-08-07T00:00:00.000Z,149943,,"130734, 90682, 22182",bulkimport_astrohole_12108,1,1,nucleoplasmic_reticulum_2,"129990, 90819, 22182","130169, 90648, 22161",Astrocyte,Bulk import from All own data.xlsx,Søren Grubb (bulk import from All own data.xlsx),,Tip in neuropil / Hole in center of nucleus,,,,"GFAP,Mitochondria,ER"
2026-08-07T00:00:00.000Z,185015,,"138195, 87566, 22493",bulkimport_astrohole_12113,1,1,nucleoplasmic_reticulum_2,"137648, 87463, 22476","137775, 87614, 22452",Astrocyte,Bulk import from All own data.xlsx,Søren Grubb (bulk import from All own data.xlsx),,Tip in neuropil / Hole in center of nucleus / Hole going in and out on one side,,,,GFAP
2026-08-07T00:00:00.000Z,219358,,"163584, 83456, 22762",bulkimport_astrohole_12115,1,1,nucleoplasmic_reticulum_2,"163642, 83648, 22767","163525, 83330, 22767",Astrocyte,Bulk import from All own data.xlsx,Søren Grubb (bulk import from All own data.xlsx),,Tip in neuropil / Hole in center of nucleus,,,,"GFAP,ER,Microtubule"
2026-08-07T00:00:00.000Z,219620,,"158773, 83699, 23944",bulkimport_astrohole_12122,1,1,nucleoplasmic_reticulum_2,"158374, 83748, 23970","158450, 83408, 23958",Astrocyte,Bulk import from All own data.xlsx,Søren Grubb (bulk import from All own data.xlsx),,Tip in neuropil / Hole in center of nucleus,,,,"GFAP,ER,Microtubule"
2026-08-07T00:00:00.000Z,219444,,"154238, 84942, 24035",bulkimport_astrohole_12123,1,1,nucleoplasmic_reticulum_2,"154255, 85276, 24002","154264, 84776, 24002",Astrocyte,Bulk import from All own data.xlsx,Søren Grubb (bulk import from All own data.xlsx),,NO PC! / Hole in center of nucleus,,,,"GFAP,ER,Microtubule"
2026-08-07T00:00:00.000Z,252818,,"179669, 81336, 24028",bulkimport_astrohole_12126,1,1,nucleoplasmic_reticulum_2,"179798, 81612, 24041","179610, 81131, 24027",Astrocyte,Bulk import from All own data.xlsx,Søren Grubb (bulk import from All own data.xlsx),,Tip in neuropil / Hole in center of nucleus,,,,"GFAP,Mitochondria,ER,Microtubule"
2026-08-07T00:00:00.000Z,252892,,"168341, 82437, 24251",bulkimport_astrohole_12128,1,1,nucleoplasmic_reticulum_2,"168361, 82679, 24261","168307, 82250, 24250",Astrocyte,Bulk import from All own data.xlsx,Søren Grubb (bulk import from All own data.xlsx),,Tip in neuropil / Hole in center of nucleus,,,,"GFAP,ER,Microtubule"
2026-08-07T00:00:00.000Z,219372,,"147562, 83601, 24136",bulkimport_astrohole_12130,1,1,nucleoplasmic_reticulum_2,"147272, 83765, 24121","147234, 83413, 24130",Astrocyte,Bulk import from All own data.xlsx,Søren Grubb (bulk import from All own data.xlsx),,Tip in neuropil / Hole in center of nucleus,,,,"GFAP,ER,Microtubule"
2026-08-07T00:00:00.000Z,186413,,"142708, 82565, 24978",bulkimport_astrohole_12136,1,1,nucleoplasmic_reticulum_2,"142467, 82481, 24939","142773, 83065, 24969",Astrocyte,Bulk import from All own data.xlsx,Søren Grubb (bulk import from All own data.xlsx),,Tip in neuropil / Hole in center of nucleus,,,,"GFAP,Mitochondria,ER,Microtubule"
2026-08-07T00:00:00.000Z,220054,,"159871, 82769, 25562",bulkimport_astrohole_12142,1,1,nucleoplasmic_reticulum_2,"160245, 83165, 25583","160035, 82646, 25567",Astrocyte,Bulk import from All own data.xlsx,Søren Grubb (bulk import from All own data.xlsx),,Tip in neuropil / Hole in center of nucleus,,,,"GFAP,ER,Microtubule"
2026-08-07T00:00:00.000Z,217731,,"160895, 87691, 19764",bulkimport_astrohole_12160,1,1,nucleoplasmic_reticulum_2,"160982, 88025, 19785","160882, 87560, 19771",Astrocyte,Bulk import from All own data.xlsx,Søren Grubb (bulk import from All own data.xlsx),,Tip in neuropil / Hole in center of nucleus,,,,"GFAP,ER,Microtubule"
2026-08-07T00:00:00.000Z,217730,,"160566, 87896, 19616",bulkimport_astrohole_12161,1,1,nucleoplasmic_reticulum_2,"160834, 88144, 19603","160807, 87726, 19608",Astrocyte,Bulk import from All own data.xlsx,Søren Grubb (bulk import from All own data.xlsx),,Tip in neuropil / Hole in center of nucleus,,,,"GFAP,ER"
2026-08-07T00:00:00.000Z,480716,,"284132, 73280, 23418",bulkimport_astrohole_12166,1,1,nucleoplasmic_reticulum_2,"283748, 73590, 23433","283698, 72958, 23429",Astrocyte,Bulk import from All own data.xlsx,Søren Grubb (bulk import from All own data.xlsx),,Tip in neuropil / Hole in center of nucleus,,,,"GFAP,Microtubule"
2026-08-07T00:00:00.000Z,417192,,"260182, 76658, 23376",bulkimport_astrohole_12169,1,1,nucleoplasmic_reticulum_2,"260341, 76519, 23393","260311, 76783, 23399",Astrocyte,Bulk import from All own data.xlsx,Søren Grubb (bulk import from All own data.xlsx),,Tip in neuropil / Hole in center of nucleus / Hole bifurcates,,,,"GFAP,ER,Microtubule"
2026-08-07T00:00:00.000Z,417264,,"253131, 74995, 23552",bulkimport_astrohole_12170,1,1,nucleoplasmic_reticulum_2,"253432, 75114, 23523","253344, 74764, 23533",Astrocyte,Bulk import from All own data.xlsx,Søren Grubb (bulk import from All own data.xlsx),,Tip in neuropil / Hole in center of nucleus,,,,"GFAP,ER,Microtubule"
2026-08-07T00:00:00.000Z,480128,,"285797, 75397, 22536",bulkimport_astrohole_12177,1,1,nucleoplasmic_reticulum_2,"285485, 75716, 22545","285497, 75291, 22545",Astrocyte,Bulk import from All own data.xlsx,Søren Grubb (bulk import from All own data.xlsx),,Tip in neuropil / Hole in center of nucleus,,,,"GFAP,Mitochondria,ER,Microtubule"
2026-08-07T00:00:00.000Z,450383,,"276970, 81573, 20149",bulkimport_astrohole_12200,1,1,nucleoplasmic_reticulum_2,"277223, 81779, 20151","277111, 81417, 20151",Astrocyte,Bulk import from All own data.xlsx,Søren Grubb (bulk import from All own data.xlsx),,Tip in neuropil / Hole in center of nucleus,,,,"GFAP,Mitochondria,ER,Microtubule"
2026-08-07T00:00:00.000Z,550620,,"318481, 80398, 19638",bulkimport_astrohole_12206,1,1,nucleoplasmic_reticulum_2,"318234, 80122, 19674","318310, 80757, 19658",Astrocyte,Bulk import from All own data.xlsx,Søren Grubb (bulk import from All own data.xlsx),,Tip in neuropil / Hole in center of nucleus,,,,"GFAP,ER,Microtubule"
2026-08-07T00:00:00.000Z,550338,,"313808, 82184, 19478",bulkimport_astrohole_12207,1,1,nucleoplasmic_reticulum_2,"313891, 82423, 19486","313896, 81960, 19486",Astrocyte,Bulk import from All own data.xlsx,Søren Grubb (bulk import from All own data.xlsx),,Tip in neuropil / Hole in center of nucleus,,,,"GFAP,Mitochondria,ER,Microtubule"
2026-08-07T00:00:00.000Z,515048,,"303063, 84582, 19464",bulkimport_astrohole_12208,1,1,nucleoplasmic_reticulum_2,"303475, 84338, 19480","303254, 84076, 19480",Astrocyte,Bulk import from All own data.xlsx,Søren Grubb (bulk import from All own data.xlsx),,Tip in neuropil / Hole in center of nucleus,,,,"GFAP,Mitochondria,ER,Microtubule"
2026-08-07T00:00:00.000Z,550473,,"324896, 82067, 19481",bulkimport_astrohole_12209,1,1,nucleoplasmic_reticulum_2,"324164, 81921, 19485","324445, 81642, 19494",Astrocyte,Bulk import from All own data.xlsx,Søren Grubb (bulk import from All own data.xlsx),,Internal / Hole in center of nucleus,,,,"GFAP,ER,Microtubule"
2026-08-07T00:00:00.000Z,550355,,"315491, 83673, 19106",bulkimport_astrohole_12210,1,1,nucleoplasmic_reticulum_2,"315500, 83996, 19102","315503, 83432, 19102",Astrocyte,Bulk import from All own data.xlsx,Søren Grubb (bulk import from All own data.xlsx),,Tip in neuropil / Hole in center of nucleus,,,,"GFAP,Mitochondria,ER,Microtubule"
2026-08-07T00:00:00.000Z,550269,,"324520, 83990, 18541",bulkimport_astrohole_12218,1,1,nucleoplasmic_reticulum_2,"324429, 84341, 18550","323901, 83811, 18541",Astrocyte,Bulk import from All own data.xlsx,Søren Grubb (bulk import from All own data.xlsx),,Tip in neuropil / Hole in center of nucleus,,,,"GFAP,ER,Microtubule"
2026-08-07T00:00:00.000Z,550002,,"314406, 84060, 18239",bulkimport_astrohole_12220,1,1,nucleoplasmic_reticulum_2,"314322, 84739, 18203","313915, 84294, 18173",Astrocyte,Bulk import from All own data.xlsx,Søren Grubb (bulk import from All own data.xlsx),,Tip in neuropil / Hole in center of nucleus,,,,"GFAP,ER,Microtubule"
2026-08-07T00:00:00.000Z,550289,,"326565, 83296, 18316",bulkimport_astrohole_12221,1,1,nucleoplasmic_reticulum_2,"326351, 83811, 18312","326068, 83122, 18312",Astrocyte,Bulk import from All own data.xlsx,Søren Grubb (bulk import from All own data.xlsx),,Tip in neuropil / Hole in center of nucleus / Does not reach surface and has only little GFAP,,,,"GFAP,Mitochondria,ER,Microtubule"
2026-08-07T00:00:00.000Z,579140,,"338445, 80485, 17631",bulkimport_astrohole_12225,1,1,nucleoplasmic_reticulum_2,"338320, 80556, 17682","338675, 80796, 17667",Astrocyte,Bulk import from All own data.xlsx,Søren Grubb (bulk import from All own data.xlsx),,Tip in neuropil / Hole in center of nucleus,,,,"GFAP,ER,Microtubule"
2026-08-07T00:00:00.000Z,578929,,"337200, 81005, 16588",bulkimport_astrohole_12237,1,1,nucleoplasmic_reticulum_2,"336966, 81381, 16612","336739, 80850, 16612",Astrocyte,Bulk import from All own data.xlsx,Søren Grubb (bulk import from All own data.xlsx),,Tip in neuropil / Hole in center of nucleus,,,,"ER,Microtubule"
2026-08-07T00:00:00.000Z,578757,,"334761, 81127, 16430",bulkimport_astrohole_12238,1,1,nucleoplasmic_reticulum_2,"334635, 81480, 16470","334737, 81032, 16481",Astrocyte,Bulk import from All own data.xlsx,Søren Grubb (bulk import from All own data.xlsx),,Internal / Hole in center of nucleus,,,,"GFAP,Mitochondria,ER,Microtubule"
2026-08-07T00:00:00.000Z,605838,,"349515, 81019, 16487",bulkimport_astrohole_12242,1,1,nucleoplasmic_reticulum_2,"349588, 81510, 16526","349630, 80824, 16525",Astrocyte,Bulk import from All own data.xlsx,Søren Grubb (bulk import from All own data.xlsx),,Tip in neuropil / Hole in center of nucleus / Many holes!,,,,"ER,Microtubule"
2026-08-07T00:00:00.000Z,578680,,"329936, 82900, 16414",bulkimport_astrohole_12243,1,1,nucleoplasmic_reticulum_2,"329313, 83213, 16350","329264, 82754, 16351",Astrocyte,Bulk import from All own data.xlsx,Søren Grubb (bulk import from All own data.xlsx),,Tip in neuropil / Hole in center of nucleus,,,,"GFAP,ER,Microtubule"
2026-08-07T00:00:00.000Z,605231,,"345534, 81279, 15840",bulkimport_astrohole_12246,1,1,nucleoplasmic_reticulum_2,"345440, 81549, 15814","345458, 80930, 15850",Astrocyte,Bulk import from All own data.xlsx,Søren Grubb (bulk import from All own data.xlsx),,NO PC! / Hole in center of nucleus,,,,"GFAP,Mitochondria,ER,Microtubule"
2026-08-07T00:00:00.000Z,577915,,"331718, 83143, 15601",bulkimport_astrohole_12247,1,1,nucleoplasmic_reticulum_2,"331730, 83428, 15627","331287, 83173, 15596",Astrocyte,Bulk import from All own data.xlsx,Søren Grubb (bulk import from All own data.xlsx),,Internal / Hole in center of nucleus,,,,"GFAP,ER,Microtubule"
2026-08-07T00:00:00.000Z,578398,,"341001, 83258, 15207",bulkimport_astrohole_12251,1,1,nucleoplasmic_reticulum_2,"341140, 83282, 15224","340867, 82981, 15228",Astrocyte,Bulk import from All own data.xlsx,Søren Grubb (bulk import from All own data.xlsx),,Tip in neuropil / Hole in center of nucleus / A lot of smooth ER,,,,"GFAP,ER,Microtubule"
2026-08-07T00:00:00.000Z,353709,,"219695, 74832, 25412",bulkimport_astrohole_12256,1,1,nucleoplasmic_reticulum_2,"219348, 74253, 25361","219670, 74761, 25368",Astrocyte,Bulk import from All own data.xlsx,Søren Grubb (bulk import from All own data.xlsx),,Tip in neuropil / Hole in center of nucleus,,,,"GFAP,ER,Microtubule"
2026-08-07T00:00:00.000Z,353701,,"217194, 74676, 25280",bulkimport_astrohole_12258,1,1,nucleoplasmic_reticulum_2,"217843, 75377, 25316","217466, 75537, 25335",Astrocyte,Bulk import from All own data.xlsx,Søren Grubb (bulk import from All own data.xlsx),,Tip in neuropil / Hole in center of nucleus,,,,"GFAP,ER,Microtubule"
2026-08-07T00:00:00.000Z,417469,,"257891, 74061, 24693",bulkimport_astrohole_12265,1,1,nucleoplasmic_reticulum_2,"257297, 74289, 24691","257252, 73791, 24691",Astrocyte,Bulk import from All own data.xlsx,Søren Grubb (bulk import from All own data.xlsx),,Tip in neuropil / Hole in center of nucleus,,,,"GFAP,Mitochondria,ER,Microtubule"
2026-08-07T00:00:00.000Z,253048,,"177113, 82465, 24792",bulkimport_astrohole_12268,1,1,nucleoplasmic_reticulum_2,"177316, 82584, 24791","176968, 82131, 24791",Astrocyte,Bulk import from All own data.xlsx,Søren Grubb (bulk import from All own data.xlsx),,Tip in neuropil / Hole in center of nucleus,,,,"GFAP,Mitochondria,ER,Microtubule"
2026-08-07T00:00:00.000Z,385480,,"232548, 74548, 24174",bulkimport_astrohole_12276,1,1,nucleoplasmic_reticulum_2,"232306, 74771, 24134","232352, 74269, 24134",Astrocyte,Bulk import from All own data.xlsx,Søren Grubb (bulk import from All own data.xlsx),,Tip in neuropil / Hole in center of nucleus,,,,"GFAP,Mitochondria,ER,Microtubule"
2026-08-07T00:00:00.000Z,323137,,"203005, 80698, 23963",bulkimport_astrohole_12278,1,1,nucleoplasmic_reticulum_2,"203031, 80852, 23934","202687, 81073, 23949",Astrocyte,Bulk import from All own data.xlsx,Søren Grubb (bulk import from All own data.xlsx),,Tip in neuropil / Hole in center of nucleus,,,,"GFAP,ER,Microtubule"
2026-08-07T00:00:00.000Z,287403,,"183943, 82847, 23632",bulkimport_astrohole_12283,1,1,nucleoplasmic_reticulum_2,"184428, 83178, 23617","184282, 82646, 23617",Astrocyte,Bulk import from All own data.xlsx,Søren Grubb (bulk import from All own data.xlsx),,Tip in neuropil / Hole in center of nucleus,,,,"ER,Microtubule"
2026-08-07T00:00:00.000Z,322907,,"209240, 79608, 22625",bulkimport_astrohole_12294,1,1,nucleoplasmic_reticulum_2,"209244, 79860, 22623","209035, 79449, 22623",Astrocyte,Bulk import from All own data.xlsx,Søren Grubb (bulk import from All own data.xlsx),,Tip in neuropil / Hole in center of nucleus,,,,"GFAP,ER,Microtubule"
2026-08-07T00:00:00.000Z,217322,,"161186, 90469, 18587",bulkimport_astrohole_12311,1,1,nucleoplasmic_reticulum_2,"161232, 90429, 18623","161086, 90218, 18585",Astrocyte,Bulk import from All own data.xlsx,Søren Grubb (bulk import from All own data.xlsx),,Tip in neuropil / Hole in center of nucleus,,,,"GFAP,ER"
2026-08-07T00:00:00.000Z,285095,,"188067, 89698, 18549",bulkimport_astrohole_12312,1,1,nucleoplasmic_reticulum_2,"187993, 89916, 18587","187867, 89595, 18576",Astrocyte,Bulk import from All own data.xlsx,Søren Grubb (bulk import from All own data.xlsx),,Tip in neuropil / Hole in center of nucleus,,,,"GFAP,Mitochondria,ER,Microtubule"
2026-08-07T00:00:00.000Z,285677,,"194042, 88891, 18799",bulkimport_astrohole_12317,1,1,nucleoplasmic_reticulum_2,"194509, 88652, 18797","194034, 88537, 18797",Astrocyte,Bulk import from All own data.xlsx,Søren Grubb (bulk import from All own data.xlsx),,Tip between astrocytes / Hole in center of nucleus / Hole only on one side of nucleus,,,,"GFAP,ER,Microtubule"
2026-08-07T00:00:00.000Z,183787,,"143056, 91226, 18237",bulkimport_astrohole_12321,1,1,nucleoplasmic_reticulum_2,"142531, 91227, 18278","142622, 90995, 18212",Astrocyte,Bulk import from All own data.xlsx,Søren Grubb (bulk import from All own data.xlsx),,NO PC! / Hole in center of nucleus / Hole only on one side of nucleus,,,,"ER,Microtubule"
2026-08-07T00:00:00.000Z,146653,,"121130, 92672, 17662",bulkimport_astrohole_12330,1,1,nucleoplasmic_reticulum_2,"121174, 92945, 17673","121044, 92559, 17673",Astrocyte,Bulk import from All own data.xlsx,Søren Grubb (bulk import from All own data.xlsx),,Tip in neuropil / Hole in center of nucleus,,,,"GFAP,ER,Microtubule"
2026-08-07T00:00:00.000Z,145763,,"119863, 92753, 16315",bulkimport_astrohole_12339,1,1,nucleoplasmic_reticulum_2,"119850, 92878, 16313","119868, 92631, 16318",Astrocyte,Bulk import from All own data.xlsx,Søren Grubb (bulk import from All own data.xlsx),,Tip in neuropil / Hole in center of nucleus,,,,"GFAP,ER,Microtubule"
2026-08-07T00:00:00.000Z,356385,,"217098, 80601, 21803",bulkimport_astrohole_12344,1,1,nucleoplasmic_reticulum_2,"217516, 80654, 21795","217204, 80321, 21795",Astrocyte,Bulk import from All own data.xlsx,Søren Grubb (bulk import from All own data.xlsx),,Tip in neuropil / Hole in center of nucleus,,,,"GFAP,ER,Microtubule"
2026-08-07T00:00:00.000Z,356648,,"224455, 80166, 21602",bulkimport_astrohole_12345,1,1,nucleoplasmic_reticulum_2,"224655, 80322, 21608","224455, 79952, 21608",Astrocyte,Bulk import from All own data.xlsx,Søren Grubb (bulk import from All own data.xlsx),,Tip in neuropil / Hole in center of nucleus,,,,"GFAP,ER,Microtubule"
2026-08-07T00:00:00.000Z,322068,,"207255, 84675, 21507",bulkimport_astrohole_12346,1,1,nucleoplasmic_reticulum_2,"206818, 84297, 21545","206883, 84866, 21537",Astrocyte,Bulk import from All own data.xlsx,Søren Grubb (bulk import from All own data.xlsx),,Internal / Hole in center of nucleus,,,,Microtubule
2026-08-07T00:00:00.000Z,356141,,"218303, 82959, 20754",bulkimport_astrohole_12355,1,1,nucleoplasmic_reticulum_2,"218426, 82992, 20740","218270, 82835, 20740",Astrocyte,Bulk import from All own data.xlsx,Søren Grubb (bulk import from All own data.xlsx),,Tip in neuropil / Hole in center of nucleus,,,,"GFAP,Mitochondria,ER,Microtubule"
2026-08-07T00:00:00.000Z,355778,,"219212, 83629, 20259",bulkimport_astrohole_12361,1,1,nucleoplasmic_reticulum_2,"219904, 83552, 20267","219639, 83324, 20267",Astrocyte,Bulk import from All own data.xlsx,Søren Grubb (bulk import from All own data.xlsx),,Tip in neuropil / Hole in center of nucleus,,,,"GFAP,ER,Microtubule"
2026-08-07T00:00:00.000Z,355694,,"217147, 85123, 19950",bulkimport_astrohole_12364,1,1,nucleoplasmic_reticulum_2,"216908, 85284, 19913","216566, 85615, 19953",Astrocyte,Bulk import from All own data.xlsx,Søren Grubb (bulk import from All own data.xlsx),,Tip in neuropil / Hole in center of nucleus / Hole only on one side of nucleus,,,,"GFAP,ER,Microtubule"
2026-08-07T00:00:00.000Z,481230,,"280350, 72330, 25453",bulkimport_astrohole_12388,1,1,nucleoplasmic_reticulum_2,"280306, 71721, 25369","280509, 71298, 25369",Astrocyte,Bulk import from All own data.xlsx,Søren Grubb (bulk import from All own data.xlsx),,Tip in neuropil / Hole in center of nucleus,,,,"GFAP,Mitochondria,ER,Microtubule"
2026-08-07T00:00:00.000Z,481266,,"283465, 70828, 25219",bulkimport_astrohole_12389,1,1,nucleoplasmic_reticulum_2,"283625, 71219, 25205","283236, 70587, 25210",Astrocyte,Bulk import from All own data.xlsx,Søren Grubb (bulk import from All own data.xlsx),,Internal / Hole in center of nucleus,,,,"ER,Microtubule"
2026-08-07T00:00:00.000Z,183557,,"137616, 90413, 17275",bulkimport_astrohole_12393,1,1,nucleoplasmic_reticulum_2,"137531, 90524, 17223","137433, 90145, 17223",Astrocyte,Bulk import from All own data.xlsx,Søren Grubb (bulk import from All own data.xlsx),,Tip in neuropil / Hole in center of nucleus,,,,"GFAP,ER,Microtubule"
2026-08-07T00:00:00.000Z,183377,,"141206, 90255, 16960",bulkimport_astrohole_12394,1,1,nucleoplasmic_reticulum_2,"141582, 90361, 16960","141284, 90083, 16960",Astrocyte,Bulk import from All own data.xlsx,Søren Grubb (bulk import from All own data.xlsx),,Tip in neuropil / Hole in center of nucleus,,,,"GFAP,ER,Microtubule"
2026-08-07T00:00:00.000Z,145837,,"122763, 92799, 16148",bulkimport_astrohole_12397,1,1,nucleoplasmic_reticulum_2,"122156, 92591, 16182","122563, 93185, 16215",Astrocyte,Bulk import from All own data.xlsx,Søren Grubb (bulk import from All own data.xlsx),,Tip in neuropil / Hole in center of nucleus,,,,"GFAP,ER,Microtubule"
2026-08-07T00:00:00.000Z,216137,,"151523, 93097, 16014",bulkimport_astrohole_12401,1,1,nucleoplasmic_reticulum_2,"152333, 93575, 16029","151877, 93024, 15999",Astrocyte,Bulk import from All own data.xlsx,Søren Grubb (bulk import from All own data.xlsx),,Tip in neuropil / Hole in center of nucleus,,,,"GFAP,Microtubule"
2026-08-07T00:00:00.000Z,104280,,"112870, 94414, 15736",bulkimport_astrohole_12404,1,1,nucleoplasmic_reticulum_2,"112723, 94650, 15745","112544, 94316, 15745",Astrocyte,Bulk import from All own data.xlsx,Søren Grubb (bulk import from All own data.xlsx),,Tip in neuropil / Hole in center of nucleus,,,,"GFAP,Mitochondria,ER,Microtubule"
2026-08-07T00:00:00.000Z,103884,,"112350, 94623, 15357",bulkimport_astrohole_12406,1,1,nucleoplasmic_reticulum_2,"112760, 94570, 15369","112434, 94356, 15369",Astrocyte,Bulk import from All own data.xlsx,Søren Grubb (bulk import from All own data.xlsx),,Tip in neuropil / Hole in center of nucleus,,,,"GFAP,ER,Microtubule"
2026-08-07T00:00:00.000Z,151431,,"123399, 94004, 15479",bulkimport_astrohole_12407,1,1,nucleoplasmic_reticulum_2,"123478, 94287, 15461","123246, 93841, 15461",Astrocyte,Bulk import from All own data.xlsx,Søren Grubb (bulk import from All own data.xlsx),,Tip in neuropil / Hole in center of nucleus,,,,"GFAP,Mitochondria,ER,Microtubule"
2026-08-07T00:00:00.000Z,216127,,"150646, 91327, 16417",bulkimport_astrohole_12411,1,1,nucleoplasmic_reticulum_2,"150634, 91520, 16434","150466, 91160, 16434",Astrocyte,Bulk import from All own data.xlsx,Søren Grubb (bulk import from All own data.xlsx),,Tip in neuropil / Hole in center of nucleus,,,,"GFAP,ER,Microtubule"
2026-08-07T00:00:00.000Z,183411,,"146360, 90111, 17183",bulkimport_astrohole_12419,1,1,nucleoplasmic_reticulum_2,"146207, 89871, 17185","146506, 90263, 17195",Astrocyte,Bulk import from All own data.xlsx,Søren Grubb (bulk import from All own data.xlsx),,Tip in neuropil / Hole in center of nucleus,,,,"GFAP,Mitochondria,ER,Microtubule"
2026-08-07T00:00:00.000Z,249987,,"166265, 89797, 17587",bulkimport_astrohole_12424,1,1,nucleoplasmic_reticulum_2,"166192, 90061, 17608","166228, 89563, 17601",Astrocyte,Bulk import from All own data.xlsx,Søren Grubb (bulk import from All own data.xlsx),,Tip in neuropil / Hole in center of nucleus,,,,"GFAP,ER,Microtubule"
2026-08-07T00:00:00.000Z,217332,,"163192, 89894, 18006",bulkimport_astrohole_12426,1,1,nucleoplasmic_reticulum_2,"163657, 89971, 18003","163297, 89658, 18003",Astrocyte,Bulk import from All own data.xlsx,Søren Grubb (bulk import from All own data.xlsx),,Internal / Hole in center of nucleus,,,,"GFAP,ER,Microtubule"
2026-08-07T00:00:00.000Z,250220,,"178246, 90664, 17937",bulkimport_astrohole_12427,1,1,nucleoplasmic_reticulum_2,"178084, 90891, 17919","178085, 90310, 17919",Astrocyte,Bulk import from All own data.xlsx,Søren Grubb (bulk import from All own data.xlsx),,Internal / Hole in center of nucleus,,,,"GFAP,Mitochondria,ER,Microtubule"
2026-08-07T00:00:00.000Z,217316,,"159499, 90064, 18208",bulkimport_astrohole_12430,1,1,nucleoplasmic_reticulum_2,"159657, 90150, 18184","159776, 89724, 18208",Astrocyte,Bulk import from All own data.xlsx,Søren Grubb (bulk import from All own data.xlsx),,Internal / Hole in center of nucleus / 2 holes,,,,"GFAP,ER,Microtubule"
2026-08-07T00:00:00.000Z,217327,,"162261, 90014, 18343",bulkimport_astrohole_12431,1,1,nucleoplasmic_reticulum_2,"162450, 90269, 18337","162009, 89812, 18333",Astrocyte,Bulk import from All own data.xlsx,Søren Grubb (bulk import from All own data.xlsx),,Tip in neuropil / Hole in center of nucleus,,,,"GFAP,Mitochondria,ER,Microtubule"
2026-08-07T00:00:00.000Z,217308,,"155572, 90630, 18390",bulkimport_astrohole_12432,1,1,nucleoplasmic_reticulum_2,"155471, 90879, 18390","155431, 90427, 18390",Astrocyte,Bulk import from All own data.xlsx,Søren Grubb (bulk import from All own data.xlsx),,Tip in neuropil / Hole in center of nucleus,,,,"GFAP,Mitochondria,ER,Microtubule"
2026-08-07T00:00:00.000Z,250336,,"166981, 90409, 18415",bulkimport_astrohole_12433,1,1,nucleoplasmic_reticulum_2,"167170, 90682, 18390","167094, 90204, 18390",Astrocyte,Bulk import from All own data.xlsx,Søren Grubb (bulk import from All own data.xlsx),,Tip in neuropil / Hole in center of nucleus,,,,"GFAP,ER,Microtubule"
2026-08-07T00:00:00.000Z,285008,,"184011, 89799, 18353",bulkimport_astrohole_12435,1,1,nucleoplasmic_reticulum_2,"184038, 89970, 18352","183958, 89620, 18352",Astrocyte,Bulk import from All own data.xlsx,Søren Grubb (bulk import from All own data.xlsx),,Tip in neuropil / Hole in center of nucleus,,,,"GFAP,ER,Microtubule"
2026-08-07T00:00:00.000Z,284428,,"183382, 88258, 16640",bulkimport_astrohole_12479,1,1,nucleoplasmic_reticulum_2,"183457, 88486, 16631","183501, 87991, 16638",Astrocyte,Bulk import from All own data.xlsx,Søren Grubb (bulk import from All own data.xlsx),,Internal / Hole in center of nucleus,,,,"GFAP,ER,Microtubule"
2026-08-07T00:00:00.000Z,387019,,"238737, 83043, 16985",bulkimport_astrohole_12493,1,1,nucleoplasmic_reticulum_2,"238898, 83278, 16986","238681, 82711, 16982",Astrocyte,Bulk import from All own data.xlsx,Søren Grubb (bulk import from All own data.xlsx),,Tip in neuropil / Hole in center of nucleus,,,,"ER,Microtubule"
2026-08-07T00:00:00.000Z,418847,,"254160, 78159, 17204",bulkimport_astrohole_12499,1,1,nucleoplasmic_reticulum_2,"254335, 78322, 17219","254075, 77936, 17219",Astrocyte,Bulk import from All own data.xlsx,Søren Grubb (bulk import from All own data.xlsx),,Tip in neuropil / Hole in center of nucleus,,,,"GFAP,Mitochondria,ER,Microtubule"
2026-08-07T00:00:00.000Z,319375,,"208946, 82451, 15915",bulkimport_astrohole_12520,1,1,nucleoplasmic_reticulum_2,"208904, 82679, 15911","208848, 82295, 15911",Astrocyte,Bulk import from All own data.xlsx,Søren Grubb (bulk import from All own data.xlsx),,Tip in neuropil / Hole in center of nucleus,,,,"GFAP,Mitochondria,ER,Microtubule"
2026-08-07T00:00:00.000Z,386540,,"231342, 83260, 15703",bulkimport_astrohole_12525,1,1,nucleoplasmic_reticulum_2,"231128, 83139, 15688","231141, 82896, 15714",Astrocyte,Bulk import from All own data.xlsx,Søren Grubb (bulk import from All own data.xlsx),,Tip in neuropil / Hole in center of nucleus,,,,"GFAP,ER,Microtubule"
2026-08-07T00:00:00.000Z,284337,,"185998, 85233, 16018",bulkimport_astrohole_12527,1,1,nucleoplasmic_reticulum_2,"185718, 85297, 16000","185750, 85090, 16000",Astrocyte,Bulk import from All own data.xlsx,Søren Grubb (bulk import from All own data.xlsx),,NO PC! / Hole in center of nucleus,,,,"GFAP,ER,Microtubule"
2026-08-07T00:00:00.000Z,445930,,"264928, 77016, 15848",bulkimport_astrohole_12549,1,1,nucleoplasmic_reticulum_2,"265308, 77175, 15821","265028, 76764, 15817",Astrocyte,Bulk import from All own data.xlsx,Søren Grubb (bulk import from All own data.xlsx),,Tip in neuropil / Hole in center of nucleus,,,,"GFAP,ER,Microtubule"
2026-08-07T00:00:00.000Z,449751,,"264676, 81118, 15134",bulkimport_astrohole_12555,1,1,nucleoplasmic_reticulum_2,"264644, 81330, 15156","264616, 80733, 15156",Astrocyte,Bulk import from All own data.xlsx,Søren Grubb (bulk import from All own data.xlsx),,Tip in neuropil / Hole in center of nucleus,,,,"ER,Microtubule"
2026-08-07T00:00:00.000Z,449740,,"264614, 82294, 14950",bulkimport_astrohole_12558,1,1,nucleoplasmic_reticulum_2,"264723, 82535, 14956","264409, 82020, 14948",Astrocyte,Bulk import from All own data.xlsx,Søren Grubb (bulk import from All own data.xlsx),,Internal / Hole in center of nucleus,,,,"GFAP,ER,Microtubule"
2026-08-07T00:00:00.000Z,449833,,"270411, 81899, 14788",bulkimport_astrohole_12559,1,1,nucleoplasmic_reticulum_2,"270317, 82076, 14756","270269, 81592, 14756",Astrocyte,Bulk import from All own data.xlsx,Søren Grubb (bulk import from All own data.xlsx),,Tip in neuropil / Hole in center of nucleus,,,,"GFAP,Mitochondria,ER,Microtubule"
2026-08-07T00:00:00.000Z,546340,,"317190, 85659, 14849",bulkimport_astrohole_12565,1,1,nucleoplasmic_reticulum_2,"316741, 85609, 14840","317081, 85378, 14840",Astrocyte,Bulk import from All own data.xlsx,Søren Grubb (bulk import from All own data.xlsx),,Tip in neuropil / Hole in center of nucleus,,,,"GFAP,ER,Microtubule"
2026-08-07T00:00:00.000Z,446121,,"270374, 76359, 16998",bulkimport_astrohole_12578,1,1,nucleoplasmic_reticulum_2,"270494, 76715, 17018","270343, 76105, 17018",Astrocyte,Bulk import from All own data.xlsx,Søren Grubb (bulk import from All own data.xlsx),,Tip in neuropil / Hole in center of nucleus,,,,"ER,Microtubule"
2026-08-07T00:00:00.000Z,512162,,"299709, 80926, 17117",bulkimport_astrohole_12581,1,1,nucleoplasmic_reticulum_2,"299432, 81511, 17113","299794, 80806, 17139",Astrocyte,Bulk import from All own data.xlsx,Søren Grubb (bulk import from All own data.xlsx),,Tip in neuropil / Hole in center of nucleus,,,,"GFAP,Mitochondria,ER,Microtubule"
2026-08-07T00:00:00.000Z,510609,,"297429, 73092, 24221",bulkimport_astrohole_12606,1,1,nucleoplasmic_reticulum_2,"297418, 73484, 24208","297314, 72865, 24201",Astrocyte,Bulk import from All own data.xlsx,Søren Grubb (bulk import from All own data.xlsx),,Tip in neuropil / Hole in center of nucleus,,,,"Mitochondria,ER,Microtubule"
2026-08-07T00:00:00.000Z,417258,,"251993, 74580, 24145",bulkimport_astrohole_12608,1,1,nucleoplasmic_reticulum_2,"251622, 74457, 24134","251783, 74774, 24143",Astrocyte,Bulk import from All own data.xlsx,Søren Grubb (bulk import from All own data.xlsx),,NO PC! / Hole in center of nucleus,,,,"GFAP,Mitochondria,ER,Microtubule"
2026-08-07T00:00:00.000Z,480942,,"278465, 72443, 24403",bulkimport_astrohole_12612,1,1,nucleoplasmic_reticulum_2,"278086, 72713, 24431","277980, 72347, 24431",Astrocyte,Bulk import from All own data.xlsx,Søren Grubb (bulk import from All own data.xlsx),,Internal / Hole in center of nucleus,,,,"GFAP,ER,Microtubule"
2026-08-07T00:00:00.000Z,480969,,"284362, 72102, 24585",bulkimport_astrohole_12614,1,1,nucleoplasmic_reticulum_2,"284007, 72095, 24564","284105, 72414, 24583",Astrocyte,Bulk import from All own data.xlsx,Søren Grubb (bulk import from All own data.xlsx),,Tip in neuropil / Hole in center of nucleus,,,,"GFAP,ER,Microtubule"
2026-08-07T00:00:00.000Z,577452,,"329845, 67890, 25011",bulkimport_astrohole_12616,1,1,nucleoplasmic_reticulum_2,"329932, 68334, 24995","330144, 67776, 24995",Astrocyte,Bulk import from All own data.xlsx,Søren Grubb (bulk import from All own data.xlsx),,Tip in neuropil / Hole in center of nucleus,,,,"GFAP,ER,Microtubule"
2026-08-07T00:00:00.000Z,545507,,"325925, 70981, 24490",bulkimport_astrohole_12629,1,1,nucleoplasmic_reticulum_2,"326103, 71280, 24519","326107, 70667, 24509",Astrocyte,Bulk import from All own data.xlsx,Søren Grubb (bulk import from All own data.xlsx),,Tip in neuropil / Hole in center of nucleus,,,,"ER,Microtubule"
2026-08-07T00:00:00.000Z,576226,,"330833, 73284, 23251",bulkimport_astrohole_12639,1,1,nucleoplasmic_reticulum_2,"330389, 73359, 23255","330446, 73100, 23255",Astrocyte,Bulk import from All own data.xlsx,Søren Grubb (bulk import from All own data.xlsx),,Tip in neuropil / Hole in center of nucleus,,,,"GFAP,ER,Microtubule"
2026-08-07T00:00:00.000Z,604231,,"350163, 71234, 22611",bulkimport_astrohole_12647,1,1,nucleoplasmic_reticulum_2,"350458, 71436, 22584","349941, 71045, 22584",Astrocyte,Bulk import from All own data.xlsx,Søren Grubb (bulk import from All own data.xlsx),,Tip in subpial space / Hole in center of nucleus,,,,"GFAP,ER,Microtubule"
2026-08-07T00:00:00.000Z,579480,,"337671, 82202, 18528",bulkimport_astrohole_12696,1,1,nucleoplasmic_reticulum_2,"338280, 82389, 18561","337932, 81936, 18558",Astrocyte,Bulk import from All own data.xlsx,Søren Grubb (bulk import from All own data.xlsx),,Tip between astrocytes / Hole in center of nucleus,,,,"GFAP,ER,Microtubule"
2026-08-07T00:00:00.000Z,635019,,"365692, 80977, 18018",bulkimport_astrohole_12700,1,1,nucleoplasmic_reticulum_2,"365115, 81197, 18019","365117, 80880, 18019",Astrocyte,Bulk import from All own data.xlsx,Søren Grubb (bulk import from All own data.xlsx),,Tip in neuropil / Hole in center of nucleus,,,,"ER,Microtubule"
2026-08-07T00:00:00.000Z,633723,,"364810, 80990, 16955",bulkimport_astrohole_12707,1,1,nucleoplasmic_reticulum_2,"364511, 80553, 16944","364501, 81133, 16956",Astrocyte,Bulk import from All own data.xlsx,Søren Grubb (bulk import from All own data.xlsx),,Tip in neuropil / Hole in center of nucleus,,,,"ER,Microtubule"
2026-08-07T00:00:00.000Z,,,"187235, 84785, 14754",bulkimport_astrohole_12718,1,1,nucleoplasmic_reticulum_2,"186978, 85059, 14735","187071, 84404, 14735",Astrocyte,Bulk import from All own data.xlsx,Søren Grubb (bulk import from All own data.xlsx),,Tip in neuropil / Hole in center of nucleus,,,,"Mitochondria,ER,Microtubule"
2026-08-07T00:00:00.000Z,,,"157368, 89298, 14417",bulkimport_astrohole_12721,1,1,nucleoplasmic_reticulum_2,"157513, 89423, 14409","157387, 89055, 14411",Astrocyte,Bulk import from All own data.xlsx,Søren Grubb (bulk import from All own data.xlsx),,Tip in neuropil / Hole in center of nucleus,,,,"GFAP,ER,Microtubule"
2026-08-07T00:00:00.000Z,,,"140381, 92967, 14338",bulkimport_astrohole_12723,1,1,nucleoplasmic_reticulum_2,"140424, 92859, 14346","140733, 93003, 14321",Astrocyte,Bulk import from All own data.xlsx,Søren Grubb (bulk import from All own data.xlsx),,Internal / Hole in center of nucleus,,,,"GFAP,ER,Microtubule"
2026-08-07T00:00:00.000Z,,,"149935, 90395, 14338",bulkimport_astrohole_12726,1,1,nucleoplasmic_reticulum_2,"150113, 90512, 14324","149892, 89971, 14336",Astrocyte,Bulk import from All own data.xlsx,Søren Grubb (bulk import from All own data.xlsx),,Tip in neuropil / Hole in center of nucleus,,,,"GFAP,Mitochondria,ER,Microtubule"
2026-08-07T00:00:00.000Z,,,"135733, 93801, 13889",bulkimport_astrohole_12737,1,1,nucleoplasmic_reticulum_2,"135945, 93903, 13901","135660, 93661, 13901",Astrocyte,Bulk import from All own data.xlsx,Søren Grubb (bulk import from All own data.xlsx),,NO PC! / Hole in center of nucleus,,,,"GFAP,Mitochondria,ER,Microtubule"
2026-08-07T00:00:00.000Z,,,"135083, 95412, 13683",bulkimport_astrohole_12741,1,1,nucleoplasmic_reticulum_2,"134882, 95314, 13657","135146, 95911, 13689",Astrocyte,Bulk import from All own data.xlsx,Søren Grubb (bulk import from All own data.xlsx),,Tip in neuropil / Hole in center of nucleus,,,,"GFAP,Mitochondria,ER,Microtubule"
2026-08-07T00:00:00.000Z,,,"125818, 97970, 13111",bulkimport_astrohole_12752,1,1,nucleoplasmic_reticulum_2,"125639, 98116, 13095","125690, 97693, 13113",Astrocyte,Bulk import from All own data.xlsx,Søren Grubb (bulk import from All own data.xlsx),,Internal / Hole in center of nucleus,,,,"GFAP,ER,Microtubule"
2026-08-07T00:00:00.000Z,446164,,"263948, 76826, 17375",bulkimport_astrohole_12763,1,1,nucleoplasmic_reticulum_2,"264361, 76752, 17395","264115, 77337, 17395",Astrocyte,Bulk import from All own data.xlsx,Søren Grubb (bulk import from All own data.xlsx),,Tip in neuropil / Hole in center of nucleus,,,,"GFAP,ER,Microtubule"
2026-08-07T00:00:00.000Z,,,"140849, 90521, 11323",bulkimport_astrohole_12782,1,1,nucleoplasmic_reticulum_2,"140515, 90766, 11325","140493, 90255, 11325",Astrocyte,Bulk import from All own data.xlsx,Søren Grubb (bulk import from All own data.xlsx),,Internal / Hole in center of nucleus,,,,"GFAP,Mitochondria,ER,Microtubule"
2026-08-07T00:00:00.000Z,,,"117823, 89387, 11006",bulkimport_astrohole_12783,1,1,nucleoplasmic_reticulum_2,"117786, 89496, 11013","117717, 89183, 11013",Astrocyte,Bulk import from All own data.xlsx,Søren Grubb (bulk import from All own data.xlsx),,Tip in neuropil / Hole in center of nucleus,,,,"GFAP,Mitochondria,ER,Microtubule"
2026-08-07T00:00:00.000Z,,,"142241, 90656, 8851",bulkimport_astrohole_12810,1,1,nucleoplasmic_reticulum_2,"141812, 90857, 8830","141892, 90558, 8830",Astrocyte,Bulk import from All own data.xlsx,Søren Grubb (bulk import from All own data.xlsx),,Internal / Hole in center of nucleus,,,,"GFAP,ER,Microtubule"
2026-08-07T00:00:00.000Z,,,"91287, 96672, 8041",bulkimport_astrohole_12822,1,1,nucleoplasmic_reticulum_2,"91588, 96765, 8055","91195, 96362, 8042",Astrocyte,Bulk import from All own data.xlsx,Søren Grubb (bulk import from All own data.xlsx),,NO PC! / Hole in center of nucleus,,,,"GFAP,ER,Microtubule"
2026-08-07T00:00:00.000Z,,,"128021, 91339, 8188",bulkimport_astrohole_12824,1,1,nucleoplasmic_reticulum_2,"127964, 91653, 8183","127708, 91168, 8183",Astrocyte,Bulk import from All own data.xlsx,Søren Grubb (bulk import from All own data.xlsx),,Tip in neuropil / Hole in center of nucleus,,,,"GFAP,Mitochondria,ER,Microtubule"
2026-08-07T00:00:00.000Z,,,"139080, 91144, 8131",bulkimport_astrohole_12831,1,1,nucleoplasmic_reticulum_2,"139316, 91271, 8101","139033, 90752, 8101",Astrocyte,Bulk import from All own data.xlsx,Søren Grubb (bulk import from All own data.xlsx),,Tip in neuropil / Hole in center of nucleus,,,,"GFAP,Mitochondria,ER,Microtubule"
2026-08-07T00:00:00.000Z,,,"187290, 87659, 12774",bulkimport_astrohole_12861,1,1,nucleoplasmic_reticulum_2,"187050, 87659, 12737","187328, 88097, 12737",Astrocyte,Bulk import from All own data.xlsx,Søren Grubb (bulk import from All own data.xlsx),,Tip in neuropil / Hole in center of nucleus,,,,"GFAP,ER,Microtubule"
2026-08-07T00:00:00.000Z,,,"155637, 90708, 12529",bulkimport_astrohole_12863,1,1,nucleoplasmic_reticulum_2,"155506, 90999, 12540","155542, 90519, 12540",Astrocyte,Bulk import from All own data.xlsx,Søren Grubb (bulk import from All own data.xlsx),,NO PC! / Hole in center of nucleus,,,,"GFAP,Mitochondria,ER,Microtubule"
2026-08-07T00:00:00.000Z,,,"180915, 87604, 10906",bulkimport_astrohole_12891,1,1,nucleoplasmic_reticulum_2,"180683, 87765, 10905","180645, 87409, 10905",Astrocyte,Bulk import from All own data.xlsx,Søren Grubb (bulk import from All own data.xlsx),,Tip in neuropil / Hole in center of nucleus,,,,"GFAP,Mitochondria,ER,Microtubule"
2026-08-07T00:00:00.000Z,,,"202129, 85418, 12461",bulkimport_astrohole_12923,1,1,nucleoplasmic_reticulum_2,"202154, 85554, 12481","202108, 85215, 12481",Astrocyte,Bulk import from All own data.xlsx,Søren Grubb (bulk import from All own data.xlsx),,Internal / Hole in center of nucleus,,,,"GFAP,ER,Microtubule"
2026-08-07T00:00:00.000Z,,,"195006, 87589, 9196",bulkimport_astrohole_12939,1,1,nucleoplasmic_reticulum_2,"194488, 87765, 9180","194609, 87338, 9191",Astrocyte,Bulk import from All own data.xlsx,Søren Grubb (bulk import from All own data.xlsx),,Tip in neuropil / Hole in center of nucleus,,,,"GFAP,Mitochondria,ER,Microtubule"
2026-08-07T00:00:00.000Z,,,"192902, 88900, 8246",bulkimport_astrohole_12949,1,1,nucleoplasmic_reticulum_2,"193535, 88538, 8250","193465, 89139, 8246",Astrocyte,Bulk import from All own data.xlsx,Søren Grubb (bulk import from All own data.xlsx),,Internal / Hole in center of nucleus,,,,"ER,Microtubule"
2026-08-07T00:00:00.000Z,,,"233044, 82933, 14451",bulkimport_astrohole_12954,1,1,nucleoplasmic_reticulum_2,"233028, 83030, 14434","232779, 82700, 14434",Astrocyte,Bulk import from All own data.xlsx,Søren Grubb (bulk import from All own data.xlsx),,NO PC! / Hole in center of nucleus,,,,"GFAP,Mitochondria,ER,Microtubule"
2026-08-07T00:00:00.000Z,,,"242221, 80253, 13996",bulkimport_astrohole_12966,1,1,nucleoplasmic_reticulum_2,"242234, 80088, 13999","242292, 80427, 14004",Astrocyte,Bulk import from All own data.xlsx,Søren Grubb (bulk import from All own data.xlsx),,Tip in neuropil / Hole in center of nucleus,,,,"ER,Microtubule"
2026-08-07T00:00:00.000Z,,,"222612, 82827, 13925",bulkimport_astrohole_12968,1,1,nucleoplasmic_reticulum_2,"222769, 82924, 13915","222530, 82601, 13923",Astrocyte,Bulk import from All own data.xlsx,Søren Grubb (bulk import from All own data.xlsx),,Tip in neuropil / Hole in center of nucleus,,,,"GFAP,Mitochondria,ER,Microtubule"
2026-08-07T00:00:00.000Z,,,"250299, 80584, 13709",bulkimport_astrohole_12971,1,1,nucleoplasmic_reticulum_2,"250333, 80966, 13731","250317, 80448, 13733",Astrocyte,Bulk import from All own data.xlsx,Søren Grubb (bulk import from All own data.xlsx),,Internal / Hole in center of nucleus,,,,"GFAP,ER,Microtubule"
2026-08-07T00:00:00.000Z,,,"224807, 83022, 13176",bulkimport_astrohole_12974,1,1,nucleoplasmic_reticulum_2,"224580, 82798, 13163","224685, 83368, 13188",Astrocyte,Bulk import from All own data.xlsx,Søren Grubb (bulk import from All own data.xlsx),,Tip in neuropil / Hole in center of nucleus,,,,"GFAP,ER,Microtubule"
2026-08-07T00:00:00.000Z,,,"238411, 80481, 13370",bulkimport_astrohole_12975,1,1,nucleoplasmic_reticulum_2,"238257, 80261, 13395","238308, 80529, 13408",Astrocyte,Bulk import from All own data.xlsx,Søren Grubb (bulk import from All own data.xlsx),,Tip in neuropil / Hole in center of nucleus,,,,"GFAP,ER,Microtubule"
2026-08-07T00:00:00.000Z,,,"219809, 83488, 13122",bulkimport_astrohole_12977,1,1,nucleoplasmic_reticulum_2,"219539, 83328, 13127","219783, 83660, 13114",Astrocyte,Bulk import from All own data.xlsx,Søren Grubb (bulk import from All own data.xlsx),,Internal / Hole in center of nucleus,,,,"GFAP,ER,Microtubule"
2026-08-07T00:00:00.000Z,,,"226420, 82859, 13009",bulkimport_astrohole_12978,1,1,nucleoplasmic_reticulum_2,"226625, 83007, 13023","226250, 82760, 13019",Astrocyte,Bulk import from All own data.xlsx,Søren Grubb (bulk import from All own data.xlsx),,Tip in neuropil / Hole in center of nucleus,,,,"GFAP,ER,Microtubule"
2026-08-07T00:00:00.000Z,,,"249762, 82223, 11802",bulkimport_astrohole_12994,1,1,nucleoplasmic_reticulum_2,"250216, 82574, 11804","250142, 82161, 11799",Astrocyte,Bulk import from All own data.xlsx,Søren Grubb (bulk import from All own data.xlsx),,Tip in neuropil / Hole in center of nucleus,,,,"ER,Microtubule"
2026-08-07T00:00:00.000Z,,,"237796, 82948, 11309",bulkimport_astrohole_13001,1,1,nucleoplasmic_reticulum_2,"237897, 83220, 11301","237555, 82743, 11301",Astrocyte,Bulk import from All own data.xlsx,Søren Grubb (bulk import from All own data.xlsx),,Tip in neuropil / Hole in center of nucleus,,,,"GFAP,Mitochondria,ER,Microtubule"
2026-08-07T00:00:00.000Z,,,"236260, 83735, 11057",bulkimport_astrohole_13005,1,1,nucleoplasmic_reticulum_2,"236471, 83398, 11063","236629, 83954, 11056",Astrocyte,Bulk import from All own data.xlsx,Søren Grubb (bulk import from All own data.xlsx),,Tip in neuropil / Hole in center of nucleus,,,,"ER,Microtubule"
2026-08-07T00:00:00.000Z,,,"255461, 81902, 13593",bulkimport_astrohole_13046,1,1,nucleoplasmic_reticulum_2,"255609, 82233, 13573","255665, 81803, 13574",Astrocyte,Bulk import from All own data.xlsx,Søren Grubb (bulk import from All own data.xlsx),,Internal / Hole in center of nucleus,,,,"GFAP,ER,Microtubule"
2026-08-07T00:00:00.000Z,,,"288026, 79914, 12643",bulkimport_astrohole_13070,1,1,nucleoplasmic_reticulum_2,"288309, 80037, 12666","287974, 79655, 12666",Astrocyte,Bulk import from All own data.xlsx,Søren Grubb (bulk import from All own data.xlsx),,Tip in neuropil / Hole in center of nucleus,,,,"GFAP,ER,Microtubule"
2026-08-07T00:00:00.000Z,,,"320258, 80671, 12071",bulkimport_astrohole_13087,1,1,nucleoplasmic_reticulum_2,"320077, 80859, 12053","320057, 80359, 12081",Astrocyte,Bulk import from All own data.xlsx,Søren Grubb (bulk import from All own data.xlsx),,Tip in neuropil / Hole in center of nucleus,,,,"GFAP,Mitochondria,ER,Microtubule"
2026-08-07T00:00:00.000Z,,,"265025, 82148, 11787",bulkimport_astrohole_13098,1,1,nucleoplasmic_reticulum_2,"264709, 82342, 11819","264826, 81894, 11819",Astrocyte,Bulk import from All own data.xlsx,Søren Grubb (bulk import from All own data.xlsx),,Tip in neuropil / Hole in center of nucleus,,,,"GFAP,Mitochondria,ER,Microtubule"
2026-08-07T00:00:00.000Z,,,"293840, 80950, 10954",bulkimport_astrohole_13108,1,1,nucleoplasmic_reticulum_2,"293716, 80555, 10950","293534, 81435, 10950",Astrocyte,Bulk import from All own data.xlsx,Søren Grubb (bulk import from All own data.xlsx),,Tip in neuropil / Hole in center of nucleus,,,,"GFAP,ER,Microtubule"
2026-08-07T00:00:00.000Z,,,"329753, 84106, 9406",bulkimport_astrohole_13136,1,1,nucleoplasmic_reticulum_2,"329960, 84430, 9403","329991, 83974, 9403",Astrocyte,Bulk import from All own data.xlsx,Søren Grubb (bulk import from All own data.xlsx),,Tip in neuropil / Hole in center of nucleus,,,,"GFAP,Mitochondria,ER,Microtubule"
2026-08-07T00:00:00.000Z,,,"265485, 86142, 9134",bulkimport_astrohole_13148,1,1,nucleoplasmic_reticulum_2,"265327, 86467, 9115","265319, 86038, 9115",Astrocyte,Bulk import from All own data.xlsx,Søren Grubb (bulk import from All own data.xlsx),,Tip in neuropil / Hole in center of nucleus,,,,"GFAP,ER,Microtubule"
2026-08-07T00:00:00.000Z,,,"259181, 87912, 9057",bulkimport_astrohole_13149,1,1,nucleoplasmic_reticulum_2,"259010, 88199, 9048","259080, 87693, 9055",Astrocyte,Bulk import from All own data.xlsx,Søren Grubb (bulk import from All own data.xlsx),,Tip in neuropil / Hole in center of nucleus,,,,"GFAP,ER,Microtubule"
2026-08-07T00:00:00.000Z,,,"288414, 83152, 9251",bulkimport_astrohole_13154,1,1,nucleoplasmic_reticulum_2,"288083, 83274, 9290","288107, 82842, 9288",Astrocyte,Bulk import from All own data.xlsx,Søren Grubb (bulk import from All own data.xlsx),,Tip in neuropil / Hole in center of nucleus,,,,"ER,Microtubule"
2026-08-07T00:00:00.000Z,,,"270062, 83740, 8506",bulkimport_astrohole_13164,1,1,nucleoplasmic_reticulum_2,"269535, 83711, 8518","269694, 84079, 8500",Astrocyte,Bulk import from All own data.xlsx,Søren Grubb (bulk import from All own data.xlsx),,Tip in neuropil / Hole in center of nucleus,,,,"ER,Microtubule"
2026-08-07T00:00:00.000Z,,,"299677, 80734, 8146",bulkimport_astrohole_13173,1,1,nucleoplasmic_reticulum_2,"299966, 81068, 8162","299937, 80493, 8166",Astrocyte,Bulk import from All own data.xlsx,Søren Grubb (bulk import from All own data.xlsx),,Tip in neuropil / Hole in center of nucleus,,,,"GFAP,ER,Microtubule"
2026-08-07T00:00:00.000Z,,,"327644, 83417, 8050",bulkimport_astrohole_13175,1,1,nucleoplasmic_reticulum_2,"327360, 83872, 8002","327914, 83074, 8031",Astrocyte,Bulk import from All own data.xlsx,Søren Grubb (bulk import from All own data.xlsx),,Tip in neuropil / Hole in center of nucleus,,,,"ER,Microtubule"
2026-08-07T00:00:00.000Z,,,"361371, 95278, 10603",bulkimport_astrohole_13196,1,1,nucleoplasmic_reticulum_2,"361458, 95665, 10567","361552, 95024, 10605",Astrocyte,Bulk import from All own data.xlsx,Søren Grubb (bulk import from All own data.xlsx),,Tip in neuropil / Hole in center of nucleus,,,,"GFAP,Mitochondria,ER,Microtubule"
2026-08-07T00:00:00.000Z,,,"354924, 89610, 11290",bulkimport_astrohole_13207,1,1,nucleoplasmic_reticulum_2,"354654, 89527, 11321","354812, 89244, 11321",Astrocyte,Bulk import from All own data.xlsx,Søren Grubb (bulk import from All own data.xlsx),,Tip in neuropil / Hole in center of nucleus,,,,"GFAP,ER,Microtubule"
2026-08-07T00:00:00.000Z,,,"349820, 87781, 11987",bulkimport_astrohole_13217,1,1,nucleoplasmic_reticulum_2,"349657, 87979, 11978","349614, 87434, 11992",Astrocyte,Bulk import from All own data.xlsx,Søren Grubb (bulk import from All own data.xlsx),,Tip in neuropil / Hole in center of nucleus / 2 holes in nucleus!,,,,"GFAP,ER,Microtubule"
2026-08-07T00:00:00.000Z,,,"357301, 86727, 13299",bulkimport_astrohole_13223,1,1,nucleoplasmic_reticulum_2,"357380, 86501, 13288","357955, 86757, 13297",Astrocyte,Bulk import from All own data.xlsx,Søren Grubb (bulk import from All own data.xlsx),,Tip in neuropil / Hole in center of nucleus,,,,"GFAP,ER,Microtubule"
2026-08-07T00:00:00.000Z,,,"354730, 85269, 13517",bulkimport_astrohole_13228,1,1,nucleoplasmic_reticulum_2,"354328, 85799, 13493","354417, 85310, 13493",Astrocyte,Bulk import from All own data.xlsx,Søren Grubb (bulk import from All own data.xlsx),,Tip in neuropil / Hole in center of nucleus,,,,"ER,Microtubule"
2026-08-07T00:00:00.000Z,,,"321679, 85616, 13711",bulkimport_astrohole_13233,1,1,nucleoplasmic_reticulum_2,"321383, 85270, 13712","321418, 85702, 13690",Astrocyte,Bulk import from All own data.xlsx,Søren Grubb (bulk import from All own data.xlsx),,Tip in neuropil / Hole in center of nucleus,,,,"GFAP,Mitochondria,ER,Microtubule"
2026-08-07T00:00:00.000Z,,,"351494, 82994, 13895",bulkimport_astrohole_13235,1,1,nucleoplasmic_reticulum_2,"351528, 83331, 13889","351125, 83033, 13889",Astrocyte,Bulk import from All own data.xlsx,Søren Grubb (bulk import from All own data.xlsx),,Tip in neuropil / Hole in center of nucleus,,,,"GFAP,Mitochondria,ER,Microtubule"
2026-08-07T00:00:00.000Z,,,"297765, 82902, 14600",bulkimport_astrohole_13255,1,1,nucleoplasmic_reticulum_2,"297582, 82698, 14594","297464, 83177, 14601",Astrocyte,Bulk import from All own data.xlsx,Søren Grubb (bulk import from All own data.xlsx),,Tip in neuropil / Hole in center of nucleus / 2 holes in nucleus!,,,,"GFAP,ER,Microtubule"
2026-08-07T00:00:00.000Z,19107,,"72525, 101344, 19616",bulkimport_astrohole_13262,1,1,nucleoplasmic_reticulum_2,"73017, 101801, 19571","72463, 101445, 19574",Astrocyte,Bulk import from All own data.xlsx,Søren Grubb (bulk import from All own data.xlsx),,Tip in neuropil / Hole in center of nucleus / 2 nuclei and 2 PC,,,,"GFAP,ER,Microtubule"
2026-08-07T00:00:00.000Z,19997,,"74322, 110357, 20279",bulkimport_astrohole_13268,1,1,nucleoplasmic_reticulum_2,"74704, 110150, 20296","74421, 110232, 20245",Astrocyte,Bulk import from All own data.xlsx,Søren Grubb (bulk import from All own data.xlsx),,Tip in neuropil / Hole in center of nucleus,,,,"Mitochondria,ER"
2026-08-07T00:00:00.000Z,264528,,"178423, 184247, 19303",bulkimport_astrohole_13285,1,1,nucleoplasmic_reticulum_2,"178865, 184573, 19314","177879, 184501, 19313",Astrocyte,Bulk import from All own data.xlsx,Søren Grubb (bulk import from All own data.xlsx),,Tip in neuropil / Hole in center of nucleus / Nice example of hole in nucleus,,,,
2026-08-07T00:00:00.000Z,264389,,"172702, 188746, 19285",bulkimport_astrohole_13286,1,1,nucleoplasmic_reticulum_2,"172017, 188985, 19268","172979, 188765, 19282",Astrocyte,Bulk import from All own data.xlsx,Søren Grubb (bulk import from All own data.xlsx),,Tip in neuropil / Hole in center of nucleus,,,,ER
2026-08-07T00:00:00.000Z,300615,,"182088, 176670, 18876",bulkimport_astrohole_13303,1,1,nucleoplasmic_reticulum_2,"181920, 177122, 18910","181427, 176763, 18864",Astrocyte,Bulk import from All own data.xlsx,Søren Grubb (bulk import from All own data.xlsx),,Tip in neuropil / Hole in center of nucleus,,,,"GFAP,ER"
2026-08-07T00:00:00.000Z,155608,,"119057, 140299, 23790",bulkimport_astrohole_13322,1,1,nucleoplasmic_reticulum_2,"118577, 140489, 23728","118389, 139980, 23796",Astrocyte,Bulk import from All own data.xlsx,Søren Grubb (bulk import from All own data.xlsx),,Tip in neuropil / Hole in center of nucleus,,,,"GFAP,ER,Microtubule"
2026-08-07T00:00:00.000Z,323319,,"204867, 87175, 24382",bulkimport_astrohole_13332,1,1,nucleoplasmic_reticulum_2,"204763, 87277, 24400","205271, 87356, 24381",Astrocyte,Bulk import from All own data.xlsx,Søren Grubb (bulk import from All own data.xlsx),,Tip in neuropil / Hole in center of nucleus,,,,ER
2026-08-07T00:00:00.000Z,632392,,"362273, 73659, 24813",bulkimport_astrohole_13365,1,1,nucleoplasmic_reticulum_2,"362024, 72985, 24810","361546, 72923, 24855",Astrocyte,Bulk import from All own data.xlsx,Søren Grubb (bulk import from All own data.xlsx),,Can't find centrioles / Hole in center of nucleus,,,,"Mitochondria,ER,Microtubule"
2026-08-07T00:00:00.000Z,357607,,"226571, 98971, 18011",bulkimport_astrohole_13412,1,1,nucleoplasmic_reticulum_2,"226460, 98972, 17972","226347, 98816, 18012",Astrocyte,Bulk import from All own data.xlsx,Søren Grubb (bulk import from All own data.xlsx),,Tip in neuropil / Hole in center of nucleus,,,,ER
2026-08-07T00:00:00.000Z,398979,,"238049, 184136, 19539",bulkimport_astrohole_13435,1,1,nucleoplasmic_reticulum_2,"238384, 184555, 19585","238387, 184691, 19549",Astrocyte,Bulk import from All own data.xlsx,Søren Grubb (bulk import from All own data.xlsx),,Tip in neuropil / Hole in center of nucleus,,,,"Mitochondria,ER"
2026-08-07T00:00:00.000Z,399021,,"230148, 186472, 20459",bulkimport_astrohole_13437,1,1,nucleoplasmic_reticulum_2,"229697, 186711, 20419","229851, 186758, 20426",Astrocyte,Bulk import from All own data.xlsx,Søren Grubb (bulk import from All own data.xlsx),,Tip in neuropil / Hole in center of nucleus,,,,ER
2026-08-07T00:00:00.000Z,219429,,"153837, 89809, 23879",bulkimport_astrohole_13493,1,1,nucleoplasmic_reticulum_2,"153886, 89334, 23860","154477, 89793, 23888",Astrocyte,Bulk import from All own data.xlsx,Søren Grubb (bulk import from All own data.xlsx),,Internal / Hole in center of nucleus,,,,ER
2026-08-07T00:00:00.000Z,,,"300215, 197613, 12714",bulkimport_astrohole_13555,1,1,nucleoplasmic_reticulum_2,"300499, 197978, 12644","300733, 197641, 12644",Astrocyte,Bulk import from All own data.xlsx,Søren Grubb (bulk import from All own data.xlsx),,Tip in neuropil / Hole in center of nucleus,,,,"Mitochondria,ER,Microtubule"
2026-08-07T00:00:00.000Z,523770,,"309944, 174158, 15613",bulkimport_astrohole_13563,1,1,nucleoplasmic_reticulum_2,"309948, 173904, 15587","310330, 174218, 15643",Astrocyte,Bulk import from All own data.xlsx,Søren Grubb (bulk import from All own data.xlsx),,Tip in neuropil / Hole in center of nucleus,,,,"Mitochondria,ER,Microtubule"
2026-08-07T00:00:00.000Z,,,"335443, 88274, 11908",bulkimport_astrohole_13564,1,1,nucleoplasmic_reticulum_2,"335633, 88261, 11893","335213, 87994, 11913",Astrocyte,Bulk import from All own data.xlsx,Søren Grubb (bulk import from All own data.xlsx),,Tip between astrocytes / Hole in center of nucleus,,,,"GFAP,ER"
2026-08-07T00:00:00.000Z,,,"334642, 95624, 12318",bulkimport_astrohole_13569,1,1,nucleoplasmic_reticulum_2,"334729, 96046, 12280","334853, 95935, 12284",Astrocyte,Bulk import from All own data.xlsx,Søren Grubb (bulk import from All own data.xlsx),,Tip in neuropil / Hole in center of nucleus,,,,"Mitochondria,ER"
2026-08-07T00:00:00.000Z,,,"333822, 99922, 11458",bulkimport_astrohole_13570,1,1,nucleoplasmic_reticulum_2,"333162, 99546, 11465","332943, 100233, 11456",Astrocyte,Bulk import from All own data.xlsx,Søren Grubb (bulk import from All own data.xlsx),,Tip in neuropil / Hole in center of nucleus,,,,"Mitochondria,ER"
2026-08-07T00:00:00.000Z,,,"328441, 129339, 12603",bulkimport_astrohole_13581,1,1,nucleoplasmic_reticulum_2,"327735, 129388, 12602","328152, 129510, 12565",Astrocyte,Bulk import from All own data.xlsx,Søren Grubb (bulk import from All own data.xlsx),,Tip in neuropil / Hole in center of nucleus / Many holes,,,,ER
2026-08-07T00:00:00.000Z,,,"336438, 140064, 11688",bulkimport_astrohole_13586,1,1,nucleoplasmic_reticulum_2,"337130, 140345, 11733","336590, 139937, 11704",Astrocyte,Bulk import from All own data.xlsx,Søren Grubb (bulk import from All own data.xlsx),,NO PC! / Hole in center of nucleus / 2 nuclei and 2 PC,,,,ER
2026-08-07T00:00:00.000Z,,,"124489, 105190, 8324",bulkimport_astrohole_13606,1,1,nucleoplasmic_reticulum_2,"124842, 105198, 8320","124295, 104981, 8317",Astrocyte,Bulk import from All own data.xlsx,Søren Grubb (bulk import from All own data.xlsx),,Tip in neuropil / Hole in center of nucleus,,,,"Mitochondria,ER,Microtubule"
2026-08-07T00:00:00.000Z,,,"86628, 103384, 10992",bulkimport_astrohole_13612,1,1,nucleoplasmic_reticulum_2,"87103, 104251, 11010","86783, 104273, 10973",Astrocyte,Bulk import from All own data.xlsx,Søren Grubb (bulk import from All own data.xlsx),,Tip in neuropil / Hole in center of nucleus,,,,"Mitochondria,ER"
2026-08-07T00:00:00.000Z,,,"85548, 128095, 11179",bulkimport_astrohole_13620,1,1,nucleoplasmic_reticulum_2,"85981, 128139, 11172","85848, 128425, 11179",Astrocyte,Bulk import from All own data.xlsx,Søren Grubb (bulk import from All own data.xlsx),,Tip in neuropil / Hole in center of nucleus,,,,"Mitochondria,ER"
2026-08-07T00:00:00.000Z,,,"103407, 194570, 11052",bulkimport_astrohole_13636,1,1,nucleoplasmic_reticulum_2,"103401, 194729, 11016","103194, 194544, 11056",Astrocyte,Bulk import from All own data.xlsx,Søren Grubb (bulk import from All own data.xlsx),,Tip in neuropil / Hole in center of nucleus / Hole is bifurcating,,,,ER
2026-08-07T00:00:00.000Z,,,"211897, 125702, 14711",bulkimport_astrohole_13674,1,1,nucleoplasmic_reticulum_2,"212357, 125490, 14673","211814, 125215, 14683",Astrocyte,Bulk import from All own data.xlsx,Søren Grubb (bulk import from All own data.xlsx),,Tip in neuropil / Hole in center of nucleus,,,,ER
2026-08-07T00:00:00.000Z,,,"169635, 135796, 8694",bulkimport_astrohole_13686,1,1,nucleoplasmic_reticulum_2,"169393, 135886, 8635","169154, 135518, 8689",Astrocyte,Bulk import from All own data.xlsx,Søren Grubb (bulk import from All own data.xlsx),,Tip in neuropil / Hole in center of nucleus,,,,ER
2026-08-07T00:00:00.000Z,192360,,"135510, 158567, 19859",bulkimport_astrohole_13704,1,1,nucleoplasmic_reticulum_2,"135153, 158091, 19870","136192, 158342, 19908",Astrocyte,Bulk import from All own data.xlsx,Søren Grubb (bulk import from All own data.xlsx),,Tip in neuropil / Hole in center of nucleus,,,,ER
2026-08-07T00:00:00.000Z,227895,,"148405, 165768, 19847",bulkimport_astrohole_13707,1,1,nucleoplasmic_reticulum_2,"148031, 166249, 19837","148437, 166408, 19837",Astrocyte,Bulk import from All own data.xlsx,Søren Grubb (bulk import from All own data.xlsx),,Tip in neuropil,,,,"Mitochondria,ER,Microtubule"
2026-08-07T00:00:00.000Z,532814,,"296405, 213750, 22403",bulkimport_astrohole_13760,1,1,nucleoplasmic_reticulum_2,"295166, 213846, 22424","295792, 214305, 22496",Astrocyte,Bulk import from All own data.xlsx,Søren Grubb (bulk import from All own data.xlsx),,Tip in neuropil / Hole in center of nucleus / 2 nuclei and 2 PC,,,,ER
2026-08-07T00:00:00.000Z,532599,,"310001, 209274, 20991",bulkimport_astrohole_13764,1,1,nucleoplasmic_reticulum_2,"309469, 209168, 20957","309998, 208766, 21014",Astrocyte,Bulk import from All own data.xlsx,Søren Grubb (bulk import from All own data.xlsx),,Tip in neuropil / Hole in center of nucleus,,,,ER
2026-08-07T00:00:00.000Z,291219,,"193088, 94267, 21675",bulkimport_astrohole_13775,1,1,nucleoplasmic_reticulum_2,"193047, 94808, 21714","193067, 94630, 21714",Astrocyte,Bulk import from All own data.xlsx,Søren Grubb (bulk import from All own data.xlsx),,Tip in neuropil / Hole in center of nucleus,,,,"Mitochondria,ER,Microtubule,Golgi"
2026-08-07T00:00:00.000Z,759377,,"397840, 191565, 22586",bulkimport_astrohole_13802,1,1,nucleoplasmic_reticulum_2,"397143, 192306, 22546","397052, 191864, 22531",Astrocyte,Bulk import from All own data.xlsx,Søren Grubb (bulk import from All own data.xlsx),,Tip in neuropil / Hole in center of nucleus,,,,"Mitochondria,ER,Microtubule,Golgi"
2026-08-07T00:00:00.000Z,716919,,"390704, 221050, 22384",bulkimport_astrohole_13810,1,1,nucleoplasmic_reticulum_2,"390458, 221326, 22384","390689, 220765, 22384",Astrocyte,Bulk import from All own data.xlsx,Søren Grubb (bulk import from All own data.xlsx),,Tip in neuropil / Hole in center of nucleus,,,,"GFAP,Mitochondria,ER,Microtubule"
2026-08-07T00:00:00.000Z,452900,,"273459, 95439, 24822",bulkimport_astrohole_13828,1,1,nucleoplasmic_reticulum_2,"272822, 95621, 24843","273327, 95692, 24912",Astrocyte,Bulk import from All own data.xlsx,Søren Grubb (bulk import from All own data.xlsx),,Tip in neuropil / Hole in center of nucleus,,,,"Mitochondria,ER,Microtubule"
2026-08-07T00:00:00.000Z,458071,,"266619, 147517, 24404",bulkimport_astrohole_13846,1,1,nucleoplasmic_reticulum_2,"266961, 147905, 24383","266534, 147241, 24388",Astrocyte,Bulk import from All own data.xlsx,Søren Grubb (bulk import from All own data.xlsx),,Tip in neuropil / Hole in center of nucleus,,,,GFAP
2026-08-07T00:00:00.000Z,462382,,"267101, 176044, 24470",bulkimport_astrohole_13854,1,1,nucleoplasmic_reticulum_2,"269698, 168950, 24934","269997, 169295, 24921",Astrocyte,Bulk import from All own data.xlsx,Søren Grubb (bulk import from All own data.xlsx),,Tip in neuropil / Hole in center of nucleus,,,,ER
2026-08-07T00:00:00.000Z,462399,,"270374, 176206, 24675",bulkimport_astrohole_13855,1,1,nucleoplasmic_reticulum_2,"270000, 176225, 24621","270017, 176993, 24643",Astrocyte,Bulk import from All own data.xlsx,Søren Grubb (bulk import from All own data.xlsx),,Tip in neuropil / Hole in center of nucleus,,,,"ER,Microtubule,Golgi"
2026-08-07T00:00:00.000Z,432903,,"260547, 199088, 25099",bulkimport_astrohole_13861,1,1,nucleoplasmic_reticulum_2,"259915, 198508, 25077","260283, 198297, 25077",Astrocyte,Bulk import from All own data.xlsx,Søren Grubb (bulk import from All own data.xlsx),,Tip in neuropil / Hole in center of nucleus,,,,"Mitochondria,ER,Microtubule"
2026-08-07T00:00:00.000Z,422513,,"249141, 125524, 24200",bulkimport_astrohole_13877,1,1,nucleoplasmic_reticulum_2,"249370, 125507, 24192","248860, 125752, 24252",Astrocyte,Bulk import from All own data.xlsx,Søren Grubb (bulk import from All own data.xlsx),,Tip in neuropil / Hole in center of nucleus,,,,"ER,Microtubule"
2026-08-07T00:00:00.000Z,152522,,"129548, 108579, 26495",bulkimport_astrohole_13884,1,1,nucleoplasmic_reticulum_2,"129701, 109002, 26477","129188, 108522, 26523",Astrocyte,Bulk import from All own data.xlsx,Søren Grubb (bulk import from All own data.xlsx),,Tip in neuropil / Hole in center of nucleus,,,,"ER,Microtubule"
2026-08-07T00:00:00.000Z,635243,,"362257, 83065, 18862",bulkimport_astrohole_13903,1,1,nucleoplasmic_reticulum_2,"362760, 83349, 18861","362167, 82530, 18873",Astrocyte,Bulk import from All own data.xlsx,Søren Grubb (bulk import from All own data.xlsx),,Tip in neuropil / Hole in center of nucleus,,,,"Mitochondria,ER,Microtubule"
2026-08-07T00:00:00.000Z,635258,,"364008, 85020, 18932",bulkimport_astrohole_13904,1,1,nucleoplasmic_reticulum_2,"364320, 84699, 18970","363865, 85192, 18970",Astrocyte,Bulk import from All own data.xlsx,Søren Grubb (bulk import from All own data.xlsx),,Tip between astrocytes / Hole in center of nucleus,,,,"ER,Microtubule"
2026-08-07T00:00:00.000Z,639618,,"362167, 99722, 19719",bulkimport_astrohole_13913,1,1,nucleoplasmic_reticulum_2,"361959, 99914, 19755","362187, 99365, 19698",Astrocyte,Bulk import from All own data.xlsx,Søren Grubb (bulk import from All own data.xlsx),,Tip in neuropil / Hole in center of nucleus,,,,ER
2026-08-07T00:00:00.000Z,325795,,"203633, 119506, 18440",bulkimport_astrohole_13922,1,1,nucleoplasmic_reticulum_2,"203108, 119407, 18483","203681, 119211, 18489",Astrocyte,Bulk import from All own data.xlsx,Søren Grubb (bulk import from All own data.xlsx),,Tip in neuropil / Hole in center of nucleus,,,,"Mitochondria,ER,Microtubule"
2026-08-07T00:00:00.000Z,294178,,"195166, 127441, 18177",bulkimport_astrohole_13924,1,1,nucleoplasmic_reticulum_2,"194990, 126720, 18189","194725, 127096, 18154",Astrocyte,Bulk import from All own data.xlsx,Søren Grubb (bulk import from All own data.xlsx),,Tip in neuropil / Hole in center of nucleus,,,,"ER,Microtubule"
2026-08-07T00:00:00.000Z,290920,,"193423, 108450, 18327",bulkimport_astrohole_13926,1,1,nucleoplasmic_reticulum_2,"193984, 108838, 18373","193306, 108954, 18399",Astrocyte,Bulk import from All own data.xlsx,Søren Grubb (bulk import from All own data.xlsx),,Tip in neuropil / Hole in center of nucleus,,,,"ER,Microtubule"
2026-08-07T00:00:00.000Z,329668,,"198104, 156023, 17921",bulkimport_astrohole_13937,1,1,nucleoplasmic_reticulum_2,"197792, 155772, 17951","198339, 156300, 17989",Astrocyte,Bulk import from All own data.xlsx,Søren Grubb (bulk import from All own data.xlsx),,Tip in neuropil / Hole in center of nucleus,,,,"ER,Microtubule"
2026-08-07T00:00:00.000Z,367220,,"223985, 183989, 17551",bulkimport_astrohole_13952,1,1,nucleoplasmic_reticulum_2,"223637, 184392, 17523","224248, 184143, 17568",Astrocyte,Bulk import from All own data.xlsx,Søren Grubb (bulk import from All own data.xlsx),,Tip in neuropil / Hole in center of nucleus,,,,"ER,Microtubule"
2026-08-07T00:00:00.000Z,369432,,"220078, 196467, 18637",bulkimport_astrohole_13953,1,1,nucleoplasmic_reticulum_2,"220099, 196775, 18574","219952, 196642, 18695",Astrocyte,Bulk import from All own data.xlsx,Søren Grubb (bulk import from All own data.xlsx),,Tip in neuropil / Hole in center of nucleus,,,,"ER,Microtubule"
2026-08-07T00:00:00.000Z,367215,,"223491, 182977, 17433",bulkimport_astrohole_13955,1,1,nucleoplasmic_reticulum_2,"222825, 182879, 17380","223550, 183448, 17468",Astrocyte,Bulk import from All own data.xlsx,Søren Grubb (bulk import from All own data.xlsx),,Tip in neuropil / Hole in center of nucleus,,,,"ER,Microtubule"
2026-08-07T00:00:00.000Z,611663,,"344898, 128466, 15921",bulkimport_astrohole_13972,1,1,nucleoplasmic_reticulum_2,"345262, 128819, 15937","344382, 128427, 15871",Astrocyte,Bulk import from All own data.xlsx,Søren Grubb (bulk import from All own data.xlsx),,Tip in neuropil / Hole in center of nucleus,,,,"ER,Microtubule"
2026-08-07T00:00:00.000Z,321499,,"212202, 92400, 20794",bulkimport_astrohole_14005,1,1,nucleoplasmic_reticulum_2,"211881, 92675, 20753","211877, 92612, 20752",Astrocyte,Bulk import from All own data.xlsx,Søren Grubb (bulk import from All own data.xlsx),,Tip in neuropil / Hole in center of nucleus,,,,"Mitochondria,ER,Microtubule,Golgi"
2026-08-07T00:00:00.000Z,451123,,"275441, 84630, 21177",bulkimport_astrohole_14007,1,1,nucleoplasmic_reticulum_2,"274877, 84391, 21151","275020, 84919, 21234",Astrocyte,Bulk import from All own data.xlsx,Søren Grubb (bulk import from All own data.xlsx),,Tip in neuropil / Hole in center of nucleus,,,,"ER,Microtubule"
2026-08-07T00:00:00.000Z,484814,,"290298, 86516, 23880",bulkimport_astrohole_14018,1,1,nucleoplasmic_reticulum_2,"289705, 86102, 23882","289673, 86825, 23886",Astrocyte,Bulk import from All own data.xlsx,Søren Grubb (bulk import from All own data.xlsx),,Tip in neuropil / Hole in center of nucleus,,,,"Mitochondria,ER,Microtubule,Golgi"
2026-08-07T00:00:00.000Z,220827,,"150548, 99371, 17530",bulkimport_astrohole_14033,1,1,nucleoplasmic_reticulum_2,"150378, 99165, 17533","150733, 99328, 17578",Astrocyte,Bulk import from All own data.xlsx,Søren Grubb (bulk import from All own data.xlsx),,Tip in neuropil / Hole in center of nucleus,,,,"ER,Microtubule"
2026-08-07T00:00:00.000Z,220902,,"155918, 94913, 18713",bulkimport_astrohole_14036,1,1,nucleoplasmic_reticulum_2,"155770, 94109, 18743","156099, 94535, 18736",Astrocyte,Bulk import from All own data.xlsx,Søren Grubb (bulk import from All own data.xlsx),,Tip in neuropil / Hole in center of nucleus,,,,"GFAP,Mitochondria,ER,Microtubule"
2026-08-07T00:00:00.000Z,21003,,"75693, 111858, 15400",bulkimport_astrohole_14039,1,1,nucleoplasmic_reticulum_2,"75898, 111874, 15359","75637, 111467, 15359",Astrocyte,Bulk import from All own data.xlsx,Søren Grubb (bulk import from All own data.xlsx),,Tip in neuropil / Hole in center of nucleus,,,,"GFAP,Mitochondria,ER,Microtubule"
2026-08-07T00:00:00.000Z,418611,,"259534, 88489, 15287",bulkimport_astrohole_14049,1,1,nucleoplasmic_reticulum_2,"259840, 88484, 15309","259748, 88479, 15250",Astrocyte,Bulk import from All own data.xlsx,Søren Grubb (bulk import from All own data.xlsx),,Tip in neuropil / Hole in center of nucleus,,,,"Mitochondria,ER,Microtubule"
2026-08-07T00:00:00.000Z,,,"262052, 142443, 9500",bulkimport_astrohole_14065,1,1,nucleoplasmic_reticulum_2,"261277, 142271, 9496","261706, 141776, 9519",Astrocyte,Bulk import from All own data.xlsx,Søren Grubb (bulk import from All own data.xlsx),,Tip in neuropil / Hole in center of nucleus,,,,"ER,Microtubule"
2026-08-07T00:00:00.000Z,,,"139767, 97633, 9024",bulkimport_astrohole_14074,1,1,nucleoplasmic_reticulum_2,"139900, 97338, 9054","139444, 97860, 9047",Astrocyte,Bulk import from All own data.xlsx,Søren Grubb (bulk import from All own data.xlsx),,Tip in neuropil / Hole in center of nucleus,,,,"Mitochondria,ER,Microtubule"
2026-08-07T00:00:00.000Z,,,"147609, 101981, 8974",bulkimport_astrohole_14075,1,1,nucleoplasmic_reticulum_2,"147680, 101671, 9024","147544, 101800, 9007",Astrocyte,Bulk import from All own data.xlsx,Søren Grubb (bulk import from All own data.xlsx),,Tip in neuropil / Hole in center of nucleus,,,,Microtubule
2026-08-07T00:00:00.000Z,,,"146707, 106739, 13070",bulkimport_astrohole_14105,1,1,nucleoplasmic_reticulum_2,"146387, 106642, 13093","146496, 106428, 13053",Astrocyte,Bulk import from All own data.xlsx,Søren Grubb (bulk import from All own data.xlsx),,Tip in neuropil / Hole in center of nucleus,,,,"Mitochondria,ER,Microtubule"
2026-08-07T00:00:00.000Z,,,"143482, 131072, 12266",bulkimport_astrohole_14109,1,1,nucleoplasmic_reticulum_2,"143321, 131134, 12229","143769, 131418, 12229",Astrocyte,Bulk import from All own data.xlsx,Søren Grubb (bulk import from All own data.xlsx),,Tip in neuropil / Hole in center of nucleus,,,,"Mitochondria,ER,Microtubule,Golgi"
2026-08-07T00:00:00.000Z,,,"140785, 194430, 11639",bulkimport_astrohole_14126,1,1,nucleoplasmic_reticulum_2,"141099, 194903, 11648","140391, 194803, 11631",Astrocyte,Bulk import from All own data.xlsx,Søren Grubb (bulk import from All own data.xlsx),,Tip in neuropil / Hole in center of nucleus,,,,"Mitochondria,ER,Microtubule"
2026-08-07T00:00:00.000Z,,,"185717, 193952, 12893",bulkimport_astrohole_14136,1,1,nucleoplasmic_reticulum_2,"186037, 193735, 12909","185574, 194346, 12839",Astrocyte,Bulk import from All own data.xlsx,Søren Grubb (bulk import from All own data.xlsx),,Tip in neuropil / Hole in center of nucleus,,,,"ER,Microtubule"
2026-08-07T00:00:00.000Z,,,"158921, 168287, 12882",bulkimport_astrohole_14152,1,1,nucleoplasmic_reticulum_2,"158574, 168064, 12893","159217, 168414, 12915",Astrocyte,Bulk import from All own data.xlsx,Søren Grubb (bulk import from All own data.xlsx),,Tip in neuropil / Hole in center of nucleus,,,,"ER,Microtubule"
2026-08-07T00:00:00.000Z,,,"280627, 95574, 14340",bulkimport_astrohole_14177,1,1,nucleoplasmic_reticulum_2,"280129, 95603, 14350","280632, 96153, 14399",Astrocyte,Bulk import from All own data.xlsx,Søren Grubb (bulk import from All own data.xlsx),,Tip in neuropil / Hole in center of nucleus,,,,"ER,Microtubule"
2026-08-07T00:00:00.000Z,,,"280407, 124795, 14672",bulkimport_astrohole_14184,1,1,nucleoplasmic_reticulum_2,"280413, 125007, 14617","280668, 124417, 14629",Astrocyte,Bulk import from All own data.xlsx,Søren Grubb (bulk import from All own data.xlsx),,Tip in neuropil / Hole in center of nucleus,,,,"ER,Microtubule"
2026-08-07T00:00:00.000Z,,,"278306, 131936, 14029",bulkimport_astrohole_14185,1,1,nucleoplasmic_reticulum_2,"278504, 131802, 14059","277837, 131722, 14048",Astrocyte,Bulk import from All own data.xlsx,Søren Grubb (bulk import from All own data.xlsx),,Tip in neuropil / Hole in center of nucleus,,,,"Mitochondria,ER,Microtubule"
2026-08-07T00:00:00.000Z,454939,,"268945, 140489, 15314",bulkimport_astrohole_14193,1,1,nucleoplasmic_reticulum_2,"268879, 140950, 15301","269319, 140125, 15330",Astrocyte,Bulk import from All own data.xlsx,Søren Grubb (bulk import from All own data.xlsx),,Tip in neuropil / Hole in center of nucleus,,,,"ER,Microtubule"
2026-08-07T00:00:00.000Z,,,"275354, 150727, 13758",bulkimport_astrohole_14196,1,1,nucleoplasmic_reticulum_2,"275542, 150100, 13798","275870, 150123, 13727",Astrocyte,Bulk import from All own data.xlsx,Søren Grubb (bulk import from All own data.xlsx),,Tip in neuropil / Hole in center of nucleus,,,,"ER,Microtubule"
2026-08-07T00:00:00.000Z,455065,,"269068, 143160, 16214",bulkimport_astrohole_14199,1,1,nucleoplasmic_reticulum_2,"268703, 143073, 16183","269368, 143167, 16183",Astrocyte,Bulk import from All own data.xlsx,Søren Grubb (bulk import from All own data.xlsx),,Tip in neuropil / Hole in center of nucleus,,,,"ER,Microtubule"
2026-08-07T00:00:00.000Z,,,"165900, 95805, 14473",bulkimport_astrohole_14209,1,1,nucleoplasmic_reticulum_2,"165697, 96299, 14474","166367, 96067, 14474",Astrocyte,Bulk import from All own data.xlsx,Søren Grubb (bulk import from All own data.xlsx),,Tip in neuropil / Hole in center of nucleus,,,,"Mitochondria,ER,Microtubule"
2026-08-07T00:00:00.000Z,,,"199891, 89792, 12311",bulkimport_astrohole_14212,1,1,nucleoplasmic_reticulum_2,"200099, 90675, 12365","200148, 90911, 12365",Astrocyte,Bulk import from All own data.xlsx,Søren Grubb (bulk import from All own data.xlsx),,Tip in neuropil / Hole in center of nucleus,,,,"Mitochondria,ER,Microtubule,Golgi"
2026-08-07T00:00:00.000Z,,,"203860, 92487, 12735",bulkimport_astrohole_14213,1,1,nucleoplasmic_reticulum_2,"204224, 92207, 12740","204149, 92491, 12717",Astrocyte,Bulk import from All own data.xlsx,Søren Grubb (bulk import from All own data.xlsx),,Tip in neuropil / Hole in center of nucleus,,,,"ER,Microtubule"
2026-08-07T00:00:00.000Z,,,"197792, 123579, 11896",bulkimport_astrohole_14220,1,1,nucleoplasmic_reticulum_2,"198125, 124300, 11859","198479, 123697, 11859",Astrocyte,Bulk import from All own data.xlsx,Søren Grubb (bulk import from All own data.xlsx),,Tip in neuropil / Hole in center of nucleus,,,,"ER,Microtubule"
2026-08-07T00:00:00.000Z,,,"132872, 93980, 11071",bulkimport_astrohole_14222,1,1,nucleoplasmic_reticulum_2,"132515, 93657, 11111","132883, 93386, 11111",Astrocyte,Bulk import from All own data.xlsx,Søren Grubb (bulk import from All own data.xlsx),,Tip in neuropil / Hole in center of nucleus,,,,"GFAP,ER,Microtubule,Golgi"
2026-08-07T00:00:00.000Z,,,"138054, 102770, 10981",bulkimport_astrohole_14224,1,1,nucleoplasmic_reticulum_2,"137751, 102303, 10965","137640, 102763, 10965",Astrocyte,Bulk import from All own data.xlsx,Søren Grubb (bulk import from All own data.xlsx),,Tip in neuropil / Hole in center of nucleus,,,,"ER,Microtubule"
2026-08-07T00:00:00.000Z,,,"134417, 101338, 11355",bulkimport_astrohole_14225,1,1,nucleoplasmic_reticulum_2,"134126, 101536, 11355","134365, 100980, 11355",Astrocyte,Bulk import from All own data.xlsx,Søren Grubb (bulk import from All own data.xlsx),,Tip in neuropil / Hole in center of nucleus,,,,"GFAP,Mitochondria,ER,Microtubule"
2026-08-07T00:00:00.000Z,,,"289745, 97271, 11279",bulkimport_astrohole_14229,1,1,nucleoplasmic_reticulum_2,"289254, 97271, 11269","289310, 97537, 11269",Astrocyte,Bulk import from All own data.xlsx,Søren Grubb (bulk import from All own data.xlsx),,Tip in neuropil / Hole in center of nucleus,,,,"ER,Microtubule"
2026-08-07T00:00:00.000Z,,,"282226, 89934, 12159",bulkimport_astrohole_14230,1,1,nucleoplasmic_reticulum_2,"282581, 89595, 12130","282232, 90094, 12130",Astrocyte,Bulk import from All own data.xlsx,Søren Grubb (bulk import from All own data.xlsx),,Tip in neuropil / Hole in center of nucleus,,,,"GFAP,ER,Microtubule,Golgi"
2026-08-07T00:00:00.000Z,,,"277352, 199082, 26832",bulkimport_microgliaplug_2,1,1,microglia_plug,"277352, 199082, 26832",,Microglia plug,Bulk import from All own data.xlsx,Søren Grubb (bulk import from All own data.xlsx),,AV -3 / Plugs annotated by Gary Morris,,,,
2026-08-07T00:00:00.000Z,,,"285070, 134882, 26419",bulkimport_microgliaplug_7,1,1,microglia_plug,"285070, 134882, 26419",,Microglia plug,Bulk import from All own data.xlsx,Søren Grubb (bulk import from All own data.xlsx),,AV -2,,,,
2026-08-07T00:00:00.000Z,,,"264969, 165791, 26206",bulkimport_microgliaplug_14,1,1,microglia_plug,"264969, 165791, 26206",,Microglia plug,Bulk import from All own data.xlsx,Søren Grubb (bulk import from All own data.xlsx),,AV -2 / Plugs annotated by Gary Morris,,,,
2026-08-07T00:00:00.000Z,,,"278311, 184519, 26447",bulkimport_microgliaplug_17,1,1,microglia_plug,"278311, 184519, 26447",,Microglia plug,Bulk import from All own data.xlsx,Søren Grubb (bulk import from All own data.xlsx),,AV -3 / Not sure there is a plug / Plugs annotated by Gary Morris,,,,
2026-08-07T00:00:00.000Z,,,"287058, 209953, 26744",bulkimport_microgliaplug_19,1,1,microglia_plug,"287058, 209953, 26744",,Microglia plug,Bulk import from All own data.xlsx,Søren Grubb (bulk import from All own data.xlsx),,AV -5,,,,
2026-08-07T00:00:00.000Z,,,"282400, 223356, 26540",bulkimport_microgliaplug_21,1,1,microglia_plug,"282400, 223356, 26540",,Microglia plug,Bulk import from All own data.xlsx,Søren Grubb (bulk import from All own data.xlsx),,AV -3 / Plugs annotated by Gary Morris,,,,
2026-08-07T00:00:00.000Z,,,"282274, 223384, 26516",bulkimport_microgliaplug_22,1,1,microglia_plug,"282274, 223384, 26516",,Microglia plug,Bulk import from All own data.xlsx,Søren Grubb (bulk import from All own data.xlsx),,AV -3 / Plugs annotated by Gary Morris,,,,
2026-08-07T00:00:00.000Z,,,"282396, 224132, 26394",bulkimport_microgliaplug_23,1,1,microglia_plug,"282396, 224132, 26394",,Microglia plug,Bulk import from All own data.xlsx,Søren Grubb (bulk import from All own data.xlsx),,AV -3 / Plugs annotated by Gary Morris,,,,
2026-08-07T00:00:00.000Z,,,"283557, 223508, 26767",bulkimport_microgliaplug_24,1,1,microglia_plug,"283557, 223508, 26767",,Microglia plug,Bulk import from All own data.xlsx,Søren Grubb (bulk import from All own data.xlsx),,AV -3 / Plugs annotated by Gary Morris,,,,
2026-08-07T00:00:00.000Z,,,"281389, 224778, 26302",bulkimport_microgliaplug_25,1,1,microglia_plug,"281389, 224778, 26302",,Microglia plug,Bulk import from All own data.xlsx,Søren Grubb (bulk import from All own data.xlsx),,AV -3 / Plugs annotated by Gary Morris,,,,
2026-08-07T00:00:00.000Z,,,"281846, 223464, 26298",bulkimport_microgliaplug_26,1,1,microglia_plug,"281846, 223464, 26298",,Microglia plug,Bulk import from All own data.xlsx,Søren Grubb (bulk import from All own data.xlsx),,AV -3 / Plugs annotated by Gary Morris,,,,
2026-08-07T00:00:00.000Z,,,"281938, 223409, 26326",bulkimport_microgliaplug_27,1,1,microglia_plug,"281938, 223409, 26326",,Microglia plug,Bulk import from All own data.xlsx,Søren Grubb (bulk import from All own data.xlsx),,AV -3 / Plugs annotated by Gary Morris,,,,
2026-08-07T00:00:00.000Z,,,"281758, 223485, 26285",bulkimport_microgliaplug_28,1,1,microglia_plug,"281758, 223485, 26285",,Microglia plug,Bulk import from All own data.xlsx,Søren Grubb (bulk import from All own data.xlsx),,AV -3 / Also a neuronal bouton plugging! / Plugs annotated by Gary Morris,,,,
2026-08-07T00:00:00.000Z,,,"280719, 224115, 26373",bulkimport_microgliaplug_29,1,1,microglia_plug,"280719, 224115, 26373",,Microglia plug,Bulk import from All own data.xlsx,Søren Grubb (bulk import from All own data.xlsx),,AV -2 / Plugs annotated by Gary Morris,,,,
2026-08-07T00:00:00.000Z,,,"281948, 224067, 26366",bulkimport_microgliaplug_30,1,1,microglia_plug,"281948, 224067, 26366",,Microglia plug,Bulk import from All own data.xlsx,Søren Grubb (bulk import from All own data.xlsx),,AV -3 / Plugs annotated by Gary Morris,,,,
2026-08-07T00:00:00.000Z,,,"282203, 223260, 26480",bulkimport_microgliaplug_31,1,1,microglia_plug,"282203, 223260, 26480",,Microglia plug,Bulk import from All own data.xlsx,Søren Grubb (bulk import from All own data.xlsx),,AV -3 / Plugs annotated by Gary Morris,,,,
2026-08-07T00:00:00.000Z,,,"281231, 224611, 26329",bulkimport_microgliaplug_32,1,1,microglia_plug,"281231, 224611, 26329",,Microglia plug,Bulk import from All own data.xlsx,Søren Grubb (bulk import from All own data.xlsx),,AV -2,,,,
2026-08-07T00:00:00.000Z,,,"281035, 224745, 26335",bulkimport_microgliaplug_33,1,1,microglia_plug,"281035, 224745, 26335",,Microglia plug,Bulk import from All own data.xlsx,Søren Grubb (bulk import from All own data.xlsx),,AV -2,,,,
2026-08-07T00:00:00.000Z,,,"281959, 223698, 26398",bulkimport_microgliaplug_34,1,1,microglia_plug,"281959, 223698, 26398",,Microglia plug,Bulk import from All own data.xlsx,Søren Grubb (bulk import from All own data.xlsx),,AV -3,,,,
2026-08-07T00:00:00.000Z,,,"283010, 223251, 26634",bulkimport_microgliaplug_35,1,1,microglia_plug,"283010, 223251, 26634",,Microglia plug,Bulk import from All own data.xlsx,Søren Grubb (bulk import from All own data.xlsx),,AV -3,,,,
2026-08-07T00:00:00.000Z,,,"283043, 223312, 26655",bulkimport_microgliaplug_36,1,1,microglia_plug,"283043, 223312, 26655",,Microglia plug,Bulk import from All own data.xlsx,Søren Grubb (bulk import from All own data.xlsx),,AV -3,,,,
2026-08-07T00:00:00.000Z,,,"283072, 223520, 26677",bulkimport_microgliaplug_37,1,1,microglia_plug,"283072, 223520, 26677",,Microglia plug,Bulk import from All own data.xlsx,Søren Grubb (bulk import from All own data.xlsx),,AV -3,,,,
2026-08-07T00:00:00.000Z,,,"283605, 223491, 26776",bulkimport_microgliaplug_38,1,1,microglia_plug,"283605, 223491, 26776",,Microglia plug,Bulk import from All own data.xlsx,Søren Grubb (bulk import from All own data.xlsx),,AV -3,,,,
2026-08-07T00:00:00.000Z,,,"284008, 222974, 26892",bulkimport_microgliaplug_39,1,1,microglia_plug,"284008, 222974, 26892",,Microglia plug,Bulk import from All own data.xlsx,Søren Grubb (bulk import from All own data.xlsx),,AV -3 / This one may be a fenestration!,,,,
2026-08-07T00:00:00.000Z,,,"288724, 221539, 25564",bulkimport_microgliaplug_41,1,1,microglia_plug,"288724, 221539, 25564",,Microglia plug,Bulk import from All own data.xlsx,Søren Grubb (bulk import from All own data.xlsx),,AV -4 / Plugs annotated by Gary Morris,,,,
2026-08-07T00:00:00.000Z,,,"289382, 221220, 25528",bulkimport_microgliaplug_42,1,1,microglia_plug,"289382, 221220, 25528",,Microglia plug,Bulk import from All own data.xlsx,Søren Grubb (bulk import from All own data.xlsx),,AV -5 / Nucleus annotated by Gary Morris,,,,
2026-08-07T00:00:00.000Z,,,"272090, 152337, 26358",bulkimport_microgliaplug_46,1,1,microglia_plug,"272090, 152337, 26358",,Microglia plug,Bulk import from All own data.xlsx,Søren Grubb (bulk import from All own data.xlsx),,AV -2 / Plugs annotated by Gary Morris,,,,
2026-08-07T00:00:00.000Z,,,"272346, 152297, 26318",bulkimport_microgliaplug_47,1,1,microglia_plug,"272346, 152297, 26318",,Microglia plug,Bulk import from All own data.xlsx,Søren Grubb (bulk import from All own data.xlsx),,AV -2 / Plugs annotated by Gary Morris,,,,
2026-08-07T00:00:00.000Z,,,"272144, 151875, 26253",bulkimport_microgliaplug_48,1,1,microglia_plug,"272144, 151875, 26253",,Microglia plug,Bulk import from All own data.xlsx,Søren Grubb (bulk import from All own data.xlsx),,AV -2 / Plugs annotated by Gary Morris,,,,
2026-08-07T00:00:00.000Z,,,"272312, 153114, 26334",bulkimport_microgliaplug_49,1,1,microglia_plug,"272312, 153114, 26334",,Microglia plug,Bulk import from All own data.xlsx,Søren Grubb (bulk import from All own data.xlsx),,AV -2 / Plugs annotated by Gary Morris,,,,
2026-08-07T00:00:00.000Z,,,"272494, 152473, 26304",bulkimport_microgliaplug_50,1,1,microglia_plug,"272494, 152473, 26304",,Microglia plug,Bulk import from All own data.xlsx,Søren Grubb (bulk import from All own data.xlsx),,AV -2,,,,
2026-08-07T00:00:00.000Z,,,"272297, 151763, 26248",bulkimport_microgliaplug_51,1,1,microglia_plug,"272297, 151763, 26248",,Microglia plug,Bulk import from All own data.xlsx,Søren Grubb (bulk import from All own data.xlsx),,AV -2,,,,
2026-08-07T00:00:00.000Z,,,"287339, 170965, 26152",bulkimport_microgliaplug_55,1,1,microglia_plug,"287339, 170965, 26152",,Microglia plug,Bulk import from All own data.xlsx,Søren Grubb (bulk import from All own data.xlsx),,AV -3 / Plugs annotated by Gary Morris,,,,
2026-08-07T00:00:00.000Z,,,"290853, 172073, 26162",bulkimport_microgliaplug_56,1,1,microglia_plug,"290853, 172073, 26162",,Microglia plug,Bulk import from All own data.xlsx,Søren Grubb (bulk import from All own data.xlsx),,AV -3 / Plugs annotated by Gary Morris,,,,
2026-08-07T00:00:00.000Z,,,"292294, 172396, 26182",bulkimport_microgliaplug_57,1,1,microglia_plug,"292294, 172396, 26182",,Microglia plug,Bulk import from All own data.xlsx,Søren Grubb (bulk import from All own data.xlsx),,AV -3 / Plugs annotated by Gary Morris,,,,
2026-08-07T00:00:00.000Z,,,"291739, 172098, 26204",bulkimport_microgliaplug_58,1,1,microglia_plug,"291739, 172098, 26204",,Microglia plug,Bulk import from All own data.xlsx,Søren Grubb (bulk import from All own data.xlsx),,AV -3 / Plugs annotated by Gary Morris,,,,
2026-08-07T00:00:00.000Z,,,"292442, 172321, 26189",bulkimport_microgliaplug_59,1,1,microglia_plug,"292442, 172321, 26189",,Microglia plug,Bulk import from All own data.xlsx,Søren Grubb (bulk import from All own data.xlsx),,AV -3 / Plugs annotated by Gary Morris,,,,
2026-08-07T00:00:00.000Z,,,"291933, 172177, 26197",bulkimport_microgliaplug_60,1,1,microglia_plug,"291933, 172177, 26197",,Microglia plug,Bulk import from All own data.xlsx,Søren Grubb (bulk import from All own data.xlsx),,AV -3,,,,
2026-08-07T00:00:00.000Z,,,"275899, 161397, 25838",bulkimport_microgliaplug_71,1,1,microglia_plug,"275899, 161397, 25838",,Microglia plug,Bulk import from All own data.xlsx,Søren Grubb (bulk import from All own data.xlsx),,AV -3 / Plugs annotated by Gary Morris,,,,
2026-08-07T00:00:00.000Z,,,"276011, 161337, 25859",bulkimport_microgliaplug_72,1,1,microglia_plug,"276011, 161337, 25859",,Microglia plug,Bulk import from All own data.xlsx,Søren Grubb (bulk import from All own data.xlsx),,AV -3 / Plugs annotated by Gary Morris,,,,
2026-08-07T00:00:00.000Z,,,"276611, 161692, 25940",bulkimport_microgliaplug_73,1,1,microglia_plug,"276611, 161692, 25940",,Microglia plug,Bulk import from All own data.xlsx,Søren Grubb (bulk import from All own data.xlsx),,AV -3 / Plugs annotated by Gary Morris,,,,
2026-08-07T00:00:00.000Z,,,"274474, 161457, 25659",bulkimport_microgliaplug_74,1,1,microglia_plug,"274474, 161457, 25659",,Microglia plug,Bulk import from All own data.xlsx,Søren Grubb (bulk import from All own data.xlsx),,AV -2 / Plugs annotated by Gary Morris,,,,
2026-08-07T00:00:00.000Z,,,"274886, 161004, 25672",bulkimport_microgliaplug_75,1,1,microglia_plug,"274886, 161004, 25672",,Microglia plug,Bulk import from All own data.xlsx,Søren Grubb (bulk import from All own data.xlsx),,AV -2 / Plugs annotated by Gary Morris,,,,
2026-08-07T00:00:00.000Z,,,"275088, 160797, 25695",bulkimport_microgliaplug_76,1,1,microglia_plug,"275088, 160797, 25695",,Microglia plug,Bulk import from All own data.xlsx,Søren Grubb (bulk import from All own data.xlsx),,AV -3 / Plugs annotated by Gary Morris,,,,
2026-08-07T00:00:00.000Z,,,"275391, 160931, 25742",bulkimport_microgliaplug_77,1,1,microglia_plug,"275391, 160931, 25742",,Microglia plug,Bulk import from All own data.xlsx,Søren Grubb (bulk import from All own data.xlsx),,AV -3 / Plugs annotated by Gary Morris,,,,
2026-08-07T00:00:00.000Z,,,"275443, 160345, 25797",bulkimport_microgliaplug_78,1,1,microglia_plug,"275443, 160345, 25797",,Microglia plug,Bulk import from All own data.xlsx,Søren Grubb (bulk import from All own data.xlsx),,AV -3 / Plugs annotated by Gary Morris,,,,
2026-08-07T00:00:00.000Z,,,"276942, 160242, 25970",bulkimport_microgliaplug_79,1,1,microglia_plug,"276942, 160242, 25970",,Microglia plug,Bulk import from All own data.xlsx,Søren Grubb (bulk import from All own data.xlsx),,AV -3,,,,
2026-08-07T00:00:00.000Z,,,"276212, 210472, 26478",bulkimport_microgliaplug_81,1,1,microglia_plug,"276212, 210472, 26478",,Microglia plug,Bulk import from All own data.xlsx,Søren Grubb (bulk import from All own data.xlsx),,AV -2 / Also a neuronal bouton plugging! / Plugs annotated by Gary Morris,,,,
2026-08-07T00:00:00.000Z,,,"271271, 103743, 25826",bulkimport_microgliaplug_86,1,1,microglia_plug,"271271, 103743, 25826",,Microglia plug,Bulk import from All own data.xlsx,Søren Grubb (bulk import from All own data.xlsx),,AV -3 / Many neuronal processes plug / Plugs annotated by Gary Morris,,,,
2026-08-07T00:00:00.000Z,,,"272804, 106598, 25738",bulkimport_microgliaplug_87,1,1,microglia_plug,"272804, 106598, 25738",,Microglia plug,Bulk import from All own data.xlsx,Søren Grubb (bulk import from All own data.xlsx),,AV -3 / Plugs annotated by Gary Morris,,,,
2026-08-07T00:00:00.000Z,,,"271108, 103546, 26017",bulkimport_microgliaplug_88,1,1,microglia_plug,"271108, 103546, 26017",,Microglia plug,Bulk import from All own data.xlsx,Søren Grubb (bulk import from All own data.xlsx),,AV -3 / Plugs annotated by Gary Morris,,,,
2026-08-07T00:00:00.000Z,,,"271098, 103562, 26013",bulkimport_microgliaplug_89,1,1,microglia_plug,"271098, 103562, 26013",,Microglia plug,Bulk import from All own data.xlsx,Søren Grubb (bulk import from All own data.xlsx),,AV -3,,,,
2026-08-07T00:00:00.000Z,,,"272275, 205489, 25172",bulkimport_microgliaplug_95,1,1,microglia_plug,"272275, 205489, 25172",,Microglia plug,Bulk import from All own data.xlsx,Søren Grubb (bulk import from All own data.xlsx),,AV -1 / Plugs annotated by Gary Morris,,,,
2026-08-07T00:00:00.000Z,,,"270381, 206318, 25404",bulkimport_microgliaplug_96,1,1,microglia_plug,"270381, 206318, 25404",,Microglia plug,Bulk import from All own data.xlsx,Søren Grubb (bulk import from All own data.xlsx),,AV -1 / Plugs annotated by Gary Morris,,,,
2026-08-07T00:00:00.000Z,,,"257008, 237553, 25531",bulkimport_microgliaplug_98,1,1,microglia_plug,"257008, 237553, 25531",,Microglia plug,Bulk import from All own data.xlsx,Søren Grubb (bulk import from All own data.xlsx),,AV -3 / Plugs annotated by Gary Morris,,,,
2026-08-07T00:00:00.000Z,,,"257864, 237320, 25583",bulkimport_microgliaplug_99,1,1,microglia_plug,"257864, 237320, 25583",,Microglia plug,Bulk import from All own data.xlsx,Søren Grubb (bulk import from All own data.xlsx),,AV -3 / Plugs annotated by Gary Morris,,,,
2026-08-07T00:00:00.000Z,,,"258410, 237427, 25623",bulkimport_microgliaplug_100,1,1,microglia_plug,"258410, 237427, 25623",,Microglia plug,Bulk import from All own data.xlsx,Søren Grubb (bulk import from All own data.xlsx),,AV -3 / Plugs annotated by Gary Morris,,,,
2026-08-07T00:00:00.000Z,,,"258479, 237444, 25627",bulkimport_microgliaplug_101,1,1,microglia_plug,"258479, 237444, 25627",,Microglia plug,Bulk import from All own data.xlsx,Søren Grubb (bulk import from All own data.xlsx),,AV -3 / Plugs annotated by Gary Morris,,,,
2026-08-07T00:00:00.000Z,,,"278250, 96419, 24582",bulkimport_microgliaplug_117,1,1,microglia_plug,"278250, 96419, 24582",,Microglia plug,Bulk import from All own data.xlsx,Søren Grubb (bulk import from All own data.xlsx),,AV -3 / Plugs annotated by Gary Morris,,,,
2026-08-07T00:00:00.000Z,,,"280827, 96600, 24744",bulkimport_microgliaplug_118,1,1,microglia_plug,"280827, 96600, 24744",,Microglia plug,Bulk import from All own data.xlsx,Søren Grubb (bulk import from All own data.xlsx),,AV -3 / Plugs annotated by Gary Morris,,,,
2026-08-07T00:00:00.000Z,,,"281358, 97086, 24817",bulkimport_microgliaplug_119,1,1,microglia_plug,"281358, 97086, 24817",,Microglia plug,Bulk import from All own data.xlsx,Søren Grubb (bulk import from All own data.xlsx),,AV -3 / Plugs annotated by Gary Morris,,,,
2026-08-07T00:00:00.000Z,,,"281688, 97040, 24864",bulkimport_microgliaplug_120,1,1,microglia_plug,"281688, 97040, 24864",,Microglia plug,Bulk import from All own data.xlsx,Søren Grubb (bulk import from All own data.xlsx),,AV -3 / Plugs annotated by Gary Morris,,,,
2026-08-07T00:00:00.000Z,,,"281824, 96989, 24892",bulkimport_microgliaplug_121,1,1,microglia_plug,"281824, 96989, 24892",,Microglia plug,Bulk import from All own data.xlsx,Søren Grubb (bulk import from All own data.xlsx),,AV -3 / Plugs annotated by Gary Morris,,,,
2026-08-07T00:00:00.000Z,,,"281926, 97094, 24915",bulkimport_microgliaplug_122,1,1,microglia_plug,"281926, 97094, 24915",,Microglia plug,Bulk import from All own data.xlsx,Søren Grubb (bulk import from All own data.xlsx),,AV -3 / Plugs annotated by Gary Morris,,,,
2026-08-07T00:00:00.000Z,,,"282028, 97092, 24942",bulkimport_microgliaplug_123,1,1,microglia_plug,"282028, 97092, 24942",,Microglia plug,Bulk import from All own data.xlsx,Søren Grubb (bulk import from All own data.xlsx),,AV -3,,,,
2026-08-07T00:00:00.000Z,,,"282223, 97201, 24991",bulkimport_microgliaplug_124,1,1,microglia_plug,"282223, 97201, 24991",,Microglia plug,Bulk import from All own data.xlsx,Søren Grubb (bulk import from All own data.xlsx),,AV -3,,,,
2026-08-07T00:00:00.000Z,,,"282560, 96628, 25096",bulkimport_microgliaplug_125,1,1,microglia_plug,"282560, 96628, 25096",,Microglia plug,Bulk import from All own data.xlsx,Søren Grubb (bulk import from All own data.xlsx),,AV -3,,,,
2026-08-07T00:00:00.000Z,,,"282644, 96267, 25130",bulkimport_microgliaplug_126,1,1,microglia_plug,"282644, 96267, 25130",,Microglia plug,Bulk import from All own data.xlsx,Søren Grubb (bulk import from All own data.xlsx),,AV -3,,,,
2026-08-07T00:00:00.000Z,,,"284466, 127211, 25067",bulkimport_microgliaplug_132,1,1,microglia_plug,"284466, 127211, 25067",,Microglia plug,Bulk import from All own data.xlsx,Søren Grubb (bulk import from All own data.xlsx),,"AV -6 / Corrected, was a repeat of microglia 59 I found the coordinates in the link / Plugs annotated by Gary Morris",,,,
2026-08-07T00:00:00.000Z,,,"285441, 127615, 25049",bulkimport_microgliaplug_133,1,1,microglia_plug,"285441, 127615, 25049",,Microglia plug,Bulk import from All own data.xlsx,Søren Grubb (bulk import from All own data.xlsx),,AV -6 / Plugs annotated by Gary Morris,,,,
2026-08-07T00:00:00.000Z,,,"255052, 216856, 24918",bulkimport_microgliaplug_140,1,1,microglia_plug,"255052, 216856, 24918",,Microglia plug,Bulk import from All own data.xlsx,Søren Grubb (bulk import from All own data.xlsx),,AV -2 / Plugs annotated by Gary Morris,,,,
2026-08-07T00:00:00.000Z,,,"254884, 216859, 24903",bulkimport_microgliaplug_141,1,1,microglia_plug,"254884, 216859, 24903",,Microglia plug,Bulk import from All own data.xlsx,Søren Grubb (bulk import from All own data.xlsx),,AV -2 / Plugs annotated by Gary Morris,,,,
2026-08-07T00:00:00.000Z,,,"266985, 181213, 24719",bulkimport_microgliaplug_149,1,1,microglia_plug,"266985, 181213, 24719",,Microglia plug,Bulk import from All own data.xlsx,Søren Grubb (bulk import from All own data.xlsx),,AV -2 / Microglia and OPC plugs the same hole / Plugs annotated by Gary Morris,,,,
2026-08-07T00:00:00.000Z,,,"267279, 180729, 24782",bulkimport_microgliaplug_150,1,1,microglia_plug,"267279, 180729, 24782",,Microglia plug,Bulk import from All own data.xlsx,Søren Grubb (bulk import from All own data.xlsx),,AV -1 / Plugs annotated by Gary Morris,,,,
2026-08-07T00:00:00.000Z,,,"266365, 231666, 24665",bulkimport_microgliaplug_154,1,1,microglia_plug,"266365, 231666, 24665",,Microglia plug,Bulk import from All own data.xlsx,Søren Grubb (bulk import from All own data.xlsx),,AV -2 / Plugs annotated by Gary Morris,,,,
2026-08-07T00:00:00.000Z,,,"283723, 85437, 24373",bulkimport_microgliaplug_157,1,1,microglia_plug,"283723, 85437, 24373",,Microglia plug,Bulk import from All own data.xlsx,Søren Grubb (bulk import from All own data.xlsx),,AV -2 / Plugs annotated by Gary Morris,,,,
2026-08-07T00:00:00.000Z,,,"280608, 163896, 24403",bulkimport_microgliaplug_159,1,1,microglia_plug,"280608, 163896, 24403",,Microglia plug,Bulk import from All own data.xlsx,Søren Grubb (bulk import from All own data.xlsx),,AV -3 / Plugs annotated by Gary Morris,,,,
2026-08-07T00:00:00.000Z,,,"280696, 163939, 24393",bulkimport_microgliaplug_160,1,1,microglia_plug,"280696, 163939, 24393",,Microglia plug,Bulk import from All own data.xlsx,Søren Grubb (bulk import from All own data.xlsx),,AV -3 / Plugs annotated by Gary Morris,,,,
2026-08-07T00:00:00.000Z,,,"281122, 162313, 24381",bulkimport_microgliaplug_161,1,1,microglia_plug,"281122, 162313, 24381",,Microglia plug,Bulk import from All own data.xlsx,Søren Grubb (bulk import from All own data.xlsx),,AV -3 / Plugs annotated by Gary Morris,,,,
2026-08-07T00:00:00.000Z,,,"280450, 163663, 24410",bulkimport_microgliaplug_162,1,1,microglia_plug,"280450, 163663, 24410",,Microglia plug,Bulk import from All own data.xlsx,Søren Grubb (bulk import from All own data.xlsx),,AV -3 / Possible fenestration,,,,
2026-08-07T00:00:00.000Z,,,"265478, 164174, 24520",bulkimport_microgliaplug_164,1,1,microglia_plug,"265478, 164174, 24520",,Microglia plug,Bulk import from All own data.xlsx,Søren Grubb (bulk import from All own data.xlsx),,AV -2 / Plugs annotated by Gary Morris,,,,
2026-08-07T00:00:00.000Z,,,"280728, 112094, 24328",bulkimport_microgliaplug_166,1,1,microglia_plug,"280728, 112094, 24328",,Microglia plug,Bulk import from All own data.xlsx,Søren Grubb (bulk import from All own data.xlsx),,AV -6 / Plugs annotated by Gary Morris,,,,
2026-08-07T00:00:00.000Z,,,"280729, 112409, 24349",bulkimport_microgliaplug_167,1,1,microglia_plug,"280729, 112409, 24349",,Microglia plug,Bulk import from All own data.xlsx,Søren Grubb (bulk import from All own data.xlsx),,AV -6 / Plugs annotated by Gary Morris,,,,
2026-08-07T00:00:00.000Z,,,"280240, 111457, 24246",bulkimport_microgliaplug_168,1,1,microglia_plug,"280240, 111457, 24246",,Microglia plug,Bulk import from All own data.xlsx,Søren Grubb (bulk import from All own data.xlsx),,AV -6 / Plugs annotated by Gary Morris,,,,
2026-08-07T00:00:00.000Z,,,"261048, 146732, 24256",bulkimport_microgliaplug_174,1,1,microglia_plug,"261048, 146732, 24256",,Microglia plug,Bulk import from All own data.xlsx,Søren Grubb (bulk import from All own data.xlsx),,AV -2 / Plugs annotated by Gary Morris,,,,
2026-08-07T00:00:00.000Z,,,"261163, 147971, 24214",bulkimport_microgliaplug_175,1,1,microglia_plug,"261163, 147971, 24214",,Microglia plug,Bulk import from All own data.xlsx,Søren Grubb (bulk import from All own data.xlsx),,AV -2 / Plugs annotated by Gary Morris,,,,
2026-08-07T00:00:00.000Z,,,"261225, 147398, 24277",bulkimport_microgliaplug_176,1,1,microglia_plug,"261225, 147398, 24277",,Microglia plug,Bulk import from All own data.xlsx,Søren Grubb (bulk import from All own data.xlsx),,AV -2 / Plugs annotated by Gary Morris,,,,
2026-08-07T00:00:00.000Z,,,"261002, 147944, 24219",bulkimport_microgliaplug_177,1,1,microglia_plug,"261002, 147944, 24219",,Microglia plug,Bulk import from All own data.xlsx,Søren Grubb (bulk import from All own data.xlsx),,AV -2,,,,
2026-08-07T00:00:00.000Z,,,"262367, 199437, 24419",bulkimport_microgliaplug_179,1,1,microglia_plug,"262367, 199437, 24419",,Microglia plug,Bulk import from All own data.xlsx,Søren Grubb (bulk import from All own data.xlsx),,AV -2 / Plugs annotated by Gary Morris,,,,
2026-08-07T00:00:00.000Z,,,"283352, 208243, 24144",bulkimport_microgliaplug_182,1,1,microglia_plug,"283352, 208243, 24144",,Microglia plug,Bulk import from All own data.xlsx,Søren Grubb (bulk import from All own data.xlsx),,AV -3 / Plugs annotated by Gary Morris,,,,
2026-08-07T00:00:00.000Z,,,"285286, 207867, 24128",bulkimport_microgliaplug_183,1,1,microglia_plug,"285286, 207867, 24128",,Microglia plug,Bulk import from All own data.xlsx,Søren Grubb (bulk import from All own data.xlsx),,AV -3 / Plugs annotated by Gary Morris,,,,
2026-08-07T00:00:00.000Z,,,"283266, 208206, 24093",bulkimport_microgliaplug_184,1,1,microglia_plug,"283266, 208206, 24093",,Microglia plug,Bulk import from All own data.xlsx,Søren Grubb (bulk import from All own data.xlsx),,AV -3 / Plugs annotated by Gary Morris,,,,
2026-08-07T00:00:00.000Z,,,"283333, 208097, 24135",bulkimport_microgliaplug_185,1,1,microglia_plug,"283333, 208097, 24135",,Microglia plug,Bulk import from All own data.xlsx,Søren Grubb (bulk import from All own data.xlsx),,AV -3 / Plugs annotated by Gary Morris,,,,
2026-08-07T00:00:00.000Z,,,"283146, 207911, 24087",bulkimport_microgliaplug_186,1,1,microglia_plug,"283146, 207911, 24087",,Microglia plug,Bulk import from All own data.xlsx,Søren Grubb (bulk import from All own data.xlsx),,AV -3,,,,
2026-08-07T00:00:00.000Z,,,"284322, 207740, 24174",bulkimport_microgliaplug_187,1,1,microglia_plug,"284322, 207740, 24174",,Microglia plug,Bulk import from All own data.xlsx,Søren Grubb (bulk import from All own data.xlsx),,AV -3,,,,
2026-08-07T00:00:00.000Z,,,"285384, 208079, 24121",bulkimport_microgliaplug_188,1,1,microglia_plug,"285384, 208079, 24121",,Microglia plug,Bulk import from All own data.xlsx,Søren Grubb (bulk import from All own data.xlsx),,AV -3,,,,
2026-08-07T00:00:00.000Z,,,"263000, 154008, 24064",bulkimport_microgliaplug_190,1,1,microglia_plug,"263000, 154008, 24064",,Microglia plug,Bulk import from All own data.xlsx,Søren Grubb (bulk import from All own data.xlsx),,AV -3 / Plugs annotated by Gary Morris,,,,
2026-08-07T00:00:00.000Z,,,"262736, 154225, 24035",bulkimport_microgliaplug_191,1,1,microglia_plug,"262736, 154225, 24035",,Microglia plug,Bulk import from All own data.xlsx,Søren Grubb (bulk import from All own data.xlsx),,AV -3 / Plugs annotated by Gary Morris,,,,
2026-08-07T00:00:00.000Z,,,"262697, 156755, 23809",bulkimport_microgliaplug_192,1,1,microglia_plug,"262697, 156755, 23809",,Microglia plug,Bulk import from All own data.xlsx,Søren Grubb (bulk import from All own data.xlsx),,AV -4 / Plugs annotated by Gary Morris,,,,
2026-08-07T00:00:00.000Z,,,"261591, 153720, 24032",bulkimport_microgliaplug_193,1,1,microglia_plug,"261591, 153720, 24032",,Microglia plug,Bulk import from All own data.xlsx,Søren Grubb (bulk import from All own data.xlsx),,AV -3 / Plugs annotated by Gary Morris,,,,
2026-08-07T00:00:00.000Z,,,"263280, 154513, 24029",bulkimport_microgliaplug_194,1,1,microglia_plug,"263280, 154513, 24029",,Microglia plug,Bulk import from All own data.xlsx,Søren Grubb (bulk import from All own data.xlsx),,AV -3,,,,
2026-08-07T00:00:00.000Z,,,"263288, 154482, 24032",bulkimport_microgliaplug_195,1,1,microglia_plug,"263288, 154482, 24032",,Microglia plug,Bulk import from All own data.xlsx,Søren Grubb (bulk import from All own data.xlsx),,AV -3,,,,
2026-08-07T00:00:00.000Z,,,"263362, 154410, 24041",bulkimport_microgliaplug_196,1,1,microglia_plug,"263362, 154410, 24041",,Microglia plug,Bulk import from All own data.xlsx,Søren Grubb (bulk import from All own data.xlsx),,AV -3,,,,
2026-08-07T00:00:00.000Z,,,"263552, 154084, 24058",bulkimport_microgliaplug_197,1,1,microglia_plug,"263552, 154084, 24058",,Microglia plug,Bulk import from All own data.xlsx,Søren Grubb (bulk import from All own data.xlsx),,AV -3,,,,
2026-08-07T00:00:00.000Z,,,"274431, 116057, 23796",bulkimport_microgliaplug_203,1,1,microglia_plug,"274431, 116057, 23796",,Microglia plug,Bulk import from All own data.xlsx,Søren Grubb (bulk import from All own data.xlsx),,AV -2 / Plugs annotated by Gary Morris,,,,
2026-08-07T00:00:00.000Z,,,"272211, 120400, 24286",bulkimport_microgliaplug_204,1,1,microglia_plug,"272211, 120400, 24286",,Microglia plug,Bulk import from All own data.xlsx,Søren Grubb (bulk import from All own data.xlsx),,AV -3 / Plugs annotated by Gary Morris,,,,
2026-08-07T00:00:00.000Z,,,"271816, 120220, 24294",bulkimport_microgliaplug_205,1,1,microglia_plug,"271816, 120220, 24294",,Microglia plug,Bulk import from All own data.xlsx,Søren Grubb (bulk import from All own data.xlsx),,AV -4 / Plugs annotated by Gary Morris,,,,
2026-08-07T00:00:00.000Z,,,"254232, 126339, 23945",bulkimport_microgliaplug_208,1,1,microglia_plug,"254232, 126339, 23945",,Microglia plug,Bulk import from All own data.xlsx,Søren Grubb (bulk import from All own data.xlsx),,AV -3 / Plugs annotated by Gary Morris,,,,
2026-08-07T00:00:00.000Z,,,"254983, 126665, 23940",bulkimport_microgliaplug_209,1,1,microglia_plug,"254983, 126665, 23940",,Microglia plug,Bulk import from All own data.xlsx,Søren Grubb (bulk import from All own data.xlsx),,AV -3 / Plugs annotated by Gary Morris,,,,
2026-08-07T00:00:00.000Z,,,"254999, 126569, 23981",bulkimport_microgliaplug_210,1,1,microglia_plug,"254999, 126569, 23981",,Microglia plug,Bulk import from All own data.xlsx,Søren Grubb (bulk import from All own data.xlsx),,AV -3 / Plugs annotated by Gary Morris,,,,
2026-08-07T00:00:00.000Z,,,"254952, 126621, 23961",bulkimport_microgliaplug_211,1,1,microglia_plug,"254952, 126621, 23961",,Microglia plug,Bulk import from All own data.xlsx,Søren Grubb (bulk import from All own data.xlsx),,AV -3 / Plugs annotated by Gary Morris,,,,
2026-08-07T00:00:00.000Z,,,"254499, 126565, 23988",bulkimport_microgliaplug_212,1,1,microglia_plug,"254499, 126565, 23988",,Microglia plug,Bulk import from All own data.xlsx,Søren Grubb (bulk import from All own data.xlsx),,AV -3 / Plugs annotated by Gary Morris,,,,
2026-08-07T00:00:00.000Z,,,"254035, 126590, 23986",bulkimport_microgliaplug_213,1,1,microglia_plug,"254035, 126590, 23986",,Microglia plug,Bulk import from All own data.xlsx,Søren Grubb (bulk import from All own data.xlsx),,AV -3 / Plugs annotated by Gary Morris,,,,
2026-08-07T00:00:00.000Z,,,"255167, 126827, 23898",bulkimport_microgliaplug_214,1,1,microglia_plug,"255167, 126827, 23898",,Microglia plug,Bulk import from All own data.xlsx,Søren Grubb (bulk import from All own data.xlsx),,AV -3 / Plugs annotated by Gary Morris,,,,
2026-08-07T00:00:00.000Z,,,"242325, 180342, 27146",bulkimport_microgliaplug_220,1,1,microglia_plug,"242325, 180342, 27146",,Microglia plug,Bulk import from All own data.xlsx,Søren Grubb (bulk import from All own data.xlsx),,AV -3 / Plugs annotated by Gary Morris,,,,
2026-08-07T00:00:00.000Z,,,"257176, 129360, 23617",bulkimport_microgliaplug_227,1,1,microglia_plug,"257176, 129360, 23617",,Microglia plug,Bulk import from All own data.xlsx,Søren Grubb (bulk import from All own data.xlsx),,AV -3,,,,
2026-08-07T00:00:00.000Z,,,"254582, 126651, 24020",bulkimport_microgliaplug_228,1,1,microglia_plug,"254582, 126651, 24020",,Microglia plug,Bulk import from All own data.xlsx,Søren Grubb (bulk import from All own data.xlsx),,AV -3,,,,
2026-08-07T00:00:00.000Z,,,"209095, 145274, 27275",bulkimport_microgliaplug_345,1,1,microglia_plug,"209095, 145274, 27275",,Microglia plug,Bulk import from All own data.xlsx,Søren Grubb (bulk import from All own data.xlsx),,AV -6 / Plugs annotated by Gary Morris,,,,
2026-08-07T00:00:00.000Z,,,"245757, 191080, 26739",bulkimport_microgliaplug_348,1,1,microglia_plug,"245757, 191080, 26739",,Microglia plug,Bulk import from All own data.xlsx,Søren Grubb (bulk import from All own data.xlsx),,AV -3 / Plugs annotated by Gary Morris,,,,
2026-08-07T00:00:00.000Z,,,"245034, 192272, 26492",bulkimport_microgliaplug_349,1,1,microglia_plug,"245034, 192272, 26492",,Microglia plug,Bulk import from All own data.xlsx,Søren Grubb (bulk import from All own data.xlsx),,AV -3 / Plugs annotated by Gary Morris,,,,
2026-08-07T00:00:00.000Z,,,"245061, 191847, 26566",bulkimport_microgliaplug_350,1,1,microglia_plug,"245061, 191847, 26566",,Microglia plug,Bulk import from All own data.xlsx,Søren Grubb (bulk import from All own data.xlsx),,AV -3 / Plugs annotated by Gary Morris,,,,
2026-08-07T00:00:00.000Z,,,"244965, 191625, 26570",bulkimport_microgliaplug_351,1,1,microglia_plug,"244965, 191625, 26570",,Microglia plug,Bulk import from All own data.xlsx,Søren Grubb (bulk import from All own data.xlsx),,AV -3 / Plugs annotated by Gary Morris,,,,
2026-08-07T00:00:00.000Z,,,"251899, 137222, 26728",bulkimport_microgliaplug_364,1,1,microglia_plug,"251899, 137222, 26728",,Microglia plug,Bulk import from All own data.xlsx,Søren Grubb (bulk import from All own data.xlsx),,AV -5 / Plugs annotated by Gary Morris,,,,
2026-08-07T00:00:00.000Z,,,"249640, 82045, 26168",bulkimport_microgliaplug_376,1,1,microglia_plug,"249640, 82045, 26168",,Microglia plug,Bulk import from All own data.xlsx,Søren Grubb (bulk import from All own data.xlsx),,AV -3 / Plugs annotated by Gary Morris,,,,
2026-08-07T00:00:00.000Z,,,"249542, 82287, 26182",bulkimport_microgliaplug_377,1,1,microglia_plug,"249542, 82287, 26182",,Microglia plug,Bulk import from All own data.xlsx,Søren Grubb (bulk import from All own data.xlsx),,AV -3 / Plugs annotated by Gary Morris,,,,
2026-08-07T00:00:00.000Z,,,"249229, 82197, 26215",bulkimport_microgliaplug_378,1,1,microglia_plug,"249229, 82197, 26215",,Microglia plug,Bulk import from All own data.xlsx,Søren Grubb (bulk import from All own data.xlsx),,AV -3 / Plugs annotated by Gary Morris,,,,
2026-08-07T00:00:00.000Z,,,"249215, 82091, 26221",bulkimport_microgliaplug_379,1,1,microglia_plug,"249215, 82091, 26221",,Microglia plug,Bulk import from All own data.xlsx,Søren Grubb (bulk import from All own data.xlsx),,AV -3 / Plugs annotated by Gary Morris,,,,
2026-08-07T00:00:00.000Z,,,"249159, 81994, 26237",bulkimport_microgliaplug_380,1,1,microglia_plug,"249159, 81994, 26237",,Microglia plug,Bulk import from All own data.xlsx,Søren Grubb (bulk import from All own data.xlsx),,AV -3,,,,
2026-08-07T00:00:00.000Z,,,"251391, 209338, 26206",bulkimport_microgliaplug_383,1,1,microglia_plug,"251391, 209338, 26206",,Microglia plug,Bulk import from All own data.xlsx,Søren Grubb (bulk import from All own data.xlsx),,AV -2 / Plugs annotated by Gary Morris,,,,
2026-08-07T00:00:00.000Z,,,"251860, 210516, 26191",bulkimport_microgliaplug_384,1,1,microglia_plug,"251860, 210516, 26191",,Microglia plug,Bulk import from All own data.xlsx,Søren Grubb (bulk import from All own data.xlsx),,AV -2 / Plugs annotated by Gary Morris,,,,
2026-08-07T00:00:00.000Z,,,"223010, 206328, 26569",bulkimport_microgliaplug_389,1,1,microglia_plug,"223010, 206328, 26569",,Microglia plug,Bulk import from All own data.xlsx,Søren Grubb (bulk import from All own data.xlsx),,AV -4 / Plugs annotated by Gary Morris,,,,
2026-08-07T00:00:00.000Z,,,"211138, 228938, 27087",bulkimport_microgliaplug_396,1,1,microglia_plug,"211138, 228938, 27087",,Microglia plug,Bulk import from All own data.xlsx,Søren Grubb (bulk import from All own data.xlsx),,AV -6 / Plugs annotated by Gary Morris,,,,
2026-08-07T00:00:00.000Z,,,"240347, 242533, 26554",bulkimport_microgliaplug_402,1,1,microglia_plug,"240347, 242533, 26554",,Microglia plug,Bulk import from All own data.xlsx,Søren Grubb (bulk import from All own data.xlsx),,AV -4,,,,
2026-08-07T00:00:00.000Z,,,"240467, 242518, 26536",bulkimport_microgliaplug_403,1,1,microglia_plug,"240467, 242518, 26536",,Microglia plug,Bulk import from All own data.xlsx,Søren Grubb (bulk import from All own data.xlsx),,AV -4,,,,
2026-08-07T00:00:00.000Z,,,"240270, 242138, 26531",bulkimport_microgliaplug_404,1,1,microglia_plug,"240270, 242138, 26531",,Microglia plug,Bulk import from All own data.xlsx,Søren Grubb (bulk import from All own data.xlsx),,AV -4,,,,
2026-08-07T00:00:00.000Z,,,"246965, 153558, 25828",bulkimport_microgliaplug_422,1,1,microglia_plug,"246965, 153558, 25828",,Microglia plug,Bulk import from All own data.xlsx,Søren Grubb (bulk import from All own data.xlsx),,AV -2 / Plugs annotated by Gary Morris,,,,
2026-08-07T00:00:00.000Z,,,"247346, 153911, 25840",bulkimport_microgliaplug_423,1,1,microglia_plug,"247346, 153911, 25840",,Microglia plug,Bulk import from All own data.xlsx,Søren Grubb (bulk import from All own data.xlsx),,AV -2 / Plugs annotated by Gary Morris,,,,
2026-08-07T00:00:00.000Z,,,"246412, 152768, 25842",bulkimport_microgliaplug_424,1,1,microglia_plug,"246412, 152768, 25842",,Microglia plug,Bulk import from All own data.xlsx,Søren Grubb (bulk import from All own data.xlsx),,AV -2 / Plugs annotated by Gary Morris,,,,
2026-08-07T00:00:00.000Z,,,"234275, 177065, 25449",bulkimport_microgliaplug_427,1,1,microglia_plug,"234275, 177065, 25449",,Microglia plug,Bulk import from All own data.xlsx,Søren Grubb (bulk import from All own data.xlsx),,AV -3 / Not a fenestration / Plugs annotated by Gary Morris,,,,
2026-08-07T00:00:00.000Z,,,"245206, 172521, 25557",bulkimport_microgliaplug_429,1,1,microglia_plug,"245206, 172521, 25557",,Microglia plug,Bulk import from All own data.xlsx,Søren Grubb (bulk import from All own data.xlsx),,AV -6 / Plugs annotated by Gary Morris,,,,
2026-08-07T00:00:00.000Z,,,"247276, 173121, 25479",bulkimport_microgliaplug_430,1,1,microglia_plug,"247276, 173121, 25479",,Microglia plug,Bulk import from All own data.xlsx,Søren Grubb (bulk import from All own data.xlsx),,AV -6 / Not a fenestration / Plugs annotated by Gary Morris,,,,
2026-08-07T00:00:00.000Z,,,"202084, 155658, 25786",bulkimport_microgliaplug_432,1,1,microglia_plug,"202084, 155658, 25786",,Microglia plug,Bulk import from All own data.xlsx,Søren Grubb (bulk import from All own data.xlsx),,AV -5 / Plugs annotated by Gary Morris,,,,
2026-08-07T00:00:00.000Z,,,"194752, 238131, 26139",bulkimport_microgliaplug_435,1,1,microglia_plug,"194752, 238131, 26139",,Microglia plug,Bulk import from All own data.xlsx,Søren Grubb (bulk import from All own data.xlsx),,AV -4 / Plugs annotated by Gary Morris,,,,
2026-08-07T00:00:00.000Z,,,"194998, 238234, 26178",bulkimport_microgliaplug_436,1,1,microglia_plug,"194998, 238234, 26178",,Microglia plug,Bulk import from All own data.xlsx,Søren Grubb (bulk import from All own data.xlsx),,AV -4 / Plugs annotated by Gary Morris,,,,
2026-08-07T00:00:00.000Z,,,"194839, 238291, 26160",bulkimport_microgliaplug_437,1,1,microglia_plug,"194839, 238291, 26160",,Microglia plug,Bulk import from All own data.xlsx,Søren Grubb (bulk import from All own data.xlsx),,AV -4,,,,
2026-08-07T00:00:00.000Z,,,"245496, 182085, 25366",bulkimport_microgliaplug_439,1,1,microglia_plug,"245496, 182085, 25366",,Microglia plug,Bulk import from All own data.xlsx,Søren Grubb (bulk import from All own data.xlsx),,AV -3 / Plugs annotated by Gary Morris,,,,
2026-08-07T00:00:00.000Z,,,"239387, 118977, 25549",bulkimport_microgliaplug_445,1,1,microglia_plug,"239387, 118977, 25549",,Microglia plug,Bulk import from All own data.xlsx,Søren Grubb (bulk import from All own data.xlsx),,AV -4,,,,
2026-08-07T00:00:00.000Z,,,"239387, 118977, 25549",bulkimport_microgliaplug_446,1,1,microglia_plug,"239387, 118977, 25549",,Microglia plug,Bulk import from All own data.xlsx,Søren Grubb (bulk import from All own data.xlsx),,AV -6 / Not sure / Plugs annotated by Gary Morris,,,,
2026-08-07T00:00:00.000Z,,,"243863, 186069, 24840",bulkimport_microgliaplug_448,1,1,microglia_plug,"243863, 186069, 24840",,Microglia plug,Bulk import from All own data.xlsx,Søren Grubb (bulk import from All own data.xlsx),,AV -5 / Plugs annotated by Gary Morris,,,,
2026-08-07T00:00:00.000Z,,,"244052, 185176, 24613",bulkimport_microgliaplug_449,1,1,microglia_plug,"244052, 185176, 24613",,Microglia plug,Bulk import from All own data.xlsx,Søren Grubb (bulk import from All own data.xlsx),,AV -5 / Plugs annotated by Gary Morris,,,,
2026-08-07T00:00:00.000Z,,,"243713, 186352, 24937",bulkimport_microgliaplug_450,1,1,microglia_plug,"243713, 186352, 24937",,Microglia plug,Bulk import from All own data.xlsx,Søren Grubb (bulk import from All own data.xlsx),,AV -5,,,,
2026-08-07T00:00:00.000Z,,,"246922, 140439, 25482",bulkimport_microgliaplug_456,1,1,microglia_plug,"246922, 140439, 25482",,Microglia plug,Bulk import from All own data.xlsx,Søren Grubb (bulk import from All own data.xlsx),,AV -4 / Not sure / Plugs annotated by Gary Morris,,,,
2026-08-07T00:00:00.000Z,,,"246922, 140439, 25482",bulkimport_microgliaplug_457,1,1,microglia_plug,"246922, 140439, 25482",,Microglia plug,Bulk import from All own data.xlsx,Søren Grubb (bulk import from All own data.xlsx),,AV -4,,,,
2026-08-07T00:00:00.000Z,,,"239121, 179621, 25286",bulkimport_microgliaplug_460,1,1,microglia_plug,"239121, 179621, 25286",,Microglia plug,Bulk import from All own data.xlsx,Søren Grubb (bulk import from All own data.xlsx),,AV -5,,,,
2026-08-07T00:00:00.000Z,,,"239121, 179621, 25286",bulkimport_microgliaplug_463,1,1,microglia_plug,"239121, 179621, 25286",,Microglia plug,Bulk import from All own data.xlsx,Søren Grubb (bulk import from All own data.xlsx),,AV -5 / Plugs annotated by Gary Morris,,,,
2026-08-07T00:00:00.000Z,,,"243598, 235096, 25780",bulkimport_microgliaplug_465,1,1,microglia_plug,"243598, 235096, 25780",,Microglia plug,Bulk import from All own data.xlsx,Søren Grubb (bulk import from All own data.xlsx),,AV -3 / Plugs annotated by Gary Morris,,,,
2026-08-07T00:00:00.000Z,,,"246888, 166346, 25100",bulkimport_microgliaplug_475,1,1,microglia_plug,"246888, 166346, 25100",,Microglia plug,Bulk import from All own data.xlsx,Søren Grubb (bulk import from All own data.xlsx),,AV-3 / Plugs annotated by Gary Morris,,,,
2026-08-07T00:00:00.000Z,,,"246762, 166408, 24928",bulkimport_microgliaplug_476,1,1,microglia_plug,"246762, 166408, 24928",,Microglia plug,Bulk import from All own data.xlsx,Søren Grubb (bulk import from All own data.xlsx),,AV-3 / Plugs annotated by Gary Morris,,,,
2026-08-07T00:00:00.000Z,,,"246177, 166793, 25023",bulkimport_microgliaplug_477,1,1,microglia_plug,"246177, 166793, 25023",,Microglia plug,Bulk import from All own data.xlsx,Søren Grubb (bulk import from All own data.xlsx),,AV-3 / Plugs annotated by Gary Morris,,,,
2026-08-07T00:00:00.000Z,,,"241041, 161483, 25193",bulkimport_microgliaplug_478,1,1,microglia_plug,"241041, 161483, 25193",,Microglia plug,Bulk import from All own data.xlsx,Søren Grubb (bulk import from All own data.xlsx),,AV -4 / Plugs annotated by Gary Morris,,,,
2026-08-07T00:00:00.000Z,,,"246458, 166189, 25018",bulkimport_microgliaplug_479,1,1,microglia_plug,"246458, 166189, 25018",,Microglia plug,Bulk import from All own data.xlsx,Søren Grubb (bulk import from All own data.xlsx),,AV-3,,,,
2026-08-07T00:00:00.000Z,,,"246047, 166751, 24998",bulkimport_microgliaplug_480,1,1,microglia_plug,"246047, 166751, 24998",,Microglia plug,Bulk import from All own data.xlsx,Søren Grubb (bulk import from All own data.xlsx),,AV-3,,,,
2026-08-07T00:00:00.000Z,,,"243863, 244281, 24984",bulkimport_microgliaplug_483,1,1,microglia_plug,"243863, 244281, 24984",,Microglia plug,Bulk import from All own data.xlsx,Søren Grubb (bulk import from All own data.xlsx),,AV -6 / Plugs annotated by Gary Morris,,,,
2026-08-07T00:00:00.000Z,,,"243730, 244405, 25003",bulkimport_microgliaplug_484,1,1,microglia_plug,"243730, 244405, 25003",,Microglia plug,Bulk import from All own data.xlsx,Søren Grubb (bulk import from All own data.xlsx),,AV -6 / Plugs annotated by Gary Morris,,,,
2026-08-07T00:00:00.000Z,,,"207906, 196970, 25342",bulkimport_microgliaplug_490,1,1,microglia_plug,"207906, 196970, 25342",,Microglia plug,Bulk import from All own data.xlsx,Søren Grubb (bulk import from All own data.xlsx),,AV -4 / Plugs annotated by Gary Morris,,,,
2026-08-07T00:00:00.000Z,,,"252732, 181115, 24969",bulkimport_microgliaplug_494,1,1,microglia_plug,"252732, 181115, 24969",,Microglia plug,Bulk import from All own data.xlsx,Søren Grubb (bulk import from All own data.xlsx),,AV -2 / Plugs annotated by Gary Morris,,,,
2026-08-07T00:00:00.000Z,,,"195656, 245669, 25123",bulkimport_microgliaplug_499,1,1,microglia_plug,"195656, 245669, 25123",,Microglia plug,Bulk import from All own data.xlsx,Søren Grubb (bulk import from All own data.xlsx),,AV -3 / Plugs annotated by Gary Morris,,,,
2026-08-07T00:00:00.000Z,,,"195593, 245293, 25129",bulkimport_microgliaplug_500,1,1,microglia_plug,"195593, 245293, 25129",,Microglia plug,Bulk import from All own data.xlsx,Søren Grubb (bulk import from All own data.xlsx),,AV -3 / Plugs annotated by Gary Morris,,,,
2026-08-07T00:00:00.000Z,,,"195704, 245608, 25128",bulkimport_microgliaplug_501,1,1,microglia_plug,"195704, 245608, 25128",,Microglia plug,Bulk import from All own data.xlsx,Søren Grubb (bulk import from All own data.xlsx),,AV -3,,,,
2026-08-07T00:00:00.000Z,,,"248018, 195161, 24938",bulkimport_microgliaplug_516,1,1,microglia_plug,"248018, 195161, 24938",,Microglia plug,Bulk import from All own data.xlsx,Søren Grubb (bulk import from All own data.xlsx),,AV -4 / Plugs annotated by Gary Morris,,,,
2026-08-07T00:00:00.000Z,,,"239274, 170401, 24606",bulkimport_microgliaplug_522,1,1,microglia_plug,"239274, 170401, 24606",,Microglia plug,Bulk import from All own data.xlsx,Søren Grubb (bulk import from All own data.xlsx),,AV -3 / Plugs annotated by Gary Morris,,,,
2026-08-07T00:00:00.000Z,,,"240784, 151942, 24305",bulkimport_microgliaplug_531,1,1,microglia_plug,"240784, 151942, 24305",,Microglia plug,Bulk import from All own data.xlsx,Søren Grubb (bulk import from All own data.xlsx),,AV -6 / Plugs annotated by Gary Morris,,,,
2026-08-07T00:00:00.000Z,,,"239808, 150536, 24371",bulkimport_microgliaplug_532,1,1,microglia_plug,"239808, 150536, 24371",,Microglia plug,Bulk import from All own data.xlsx,Søren Grubb (bulk import from All own data.xlsx),,AV -6 / Plugs annotated by Gary Morris,,,,
2026-08-07T00:00:00.000Z,,,"240592, 150542, 24410",bulkimport_microgliaplug_533,1,1,microglia_plug,"240592, 150542, 24410",,Microglia plug,Bulk import from All own data.xlsx,Søren Grubb (bulk import from All own data.xlsx),,AV -6 / Plugs annotated by Gary Morris,,,,
2026-08-07T00:00:00.000Z,,,"238526, 150773, 24425",bulkimport_microgliaplug_534,1,1,microglia_plug,"238526, 150773, 24425",,Microglia plug,Bulk import from All own data.xlsx,Søren Grubb (bulk import from All own data.xlsx),,AV -6 / Plugs annotated by Gary Morris,,,,
2026-08-07T00:00:00.000Z,,,"238267, 150795, 24432",bulkimport_microgliaplug_535,1,1,microglia_plug,"238267, 150795, 24432",,Microglia plug,Bulk import from All own data.xlsx,Søren Grubb (bulk import from All own data.xlsx),,AV -6 / Plugs annotated by Gary Morris,,,,
2026-08-07T00:00:00.000Z,,,"239009, 150893, 24435",bulkimport_microgliaplug_536,1,1,microglia_plug,"239009, 150893, 24435",,Microglia plug,Bulk import from All own data.xlsx,Søren Grubb (bulk import from All own data.xlsx),,AV -6 / Not a fenestration / Plugs annotated by Gary Morris,,,,
2026-08-07T00:00:00.000Z,,,"240035, 150417, 24439",bulkimport_microgliaplug_537,1,1,microglia_plug,"240035, 150417, 24439",,Microglia plug,Bulk import from All own data.xlsx,Søren Grubb (bulk import from All own data.xlsx),,AV -6 / Plugs annotated by Gary Morris,,,,
2026-08-07T00:00:00.000Z,,,"237865, 150686, 24436",bulkimport_microgliaplug_538,1,1,microglia_plug,"237865, 150686, 24436",,Microglia plug,Bulk import from All own data.xlsx,Søren Grubb (bulk import from All own data.xlsx),,AV -6 / Plugs annotated by Gary Morris,,,,
2026-08-07T00:00:00.000Z,,,"237554, 150917, 24455",bulkimport_microgliaplug_539,1,1,microglia_plug,"237554, 150917, 24455",,Microglia plug,Bulk import from All own data.xlsx,Søren Grubb (bulk import from All own data.xlsx),,AV -6 / Plugs annotated by Gary Morris,,,,
2026-08-07T00:00:00.000Z,,,"237147, 150871, 24459",bulkimport_microgliaplug_540,1,1,microglia_plug,"237147, 150871, 24459",,Microglia plug,Bulk import from All own data.xlsx,Søren Grubb (bulk import from All own data.xlsx),,AV -6 / Plugs annotated by Gary Morris,,,,
2026-08-07T00:00:00.000Z,,,"237130, 151116, 24479",bulkimport_microgliaplug_541,1,1,microglia_plug,"237130, 151116, 24479",,Microglia plug,Bulk import from All own data.xlsx,Søren Grubb (bulk import from All own data.xlsx),,AV -6 / Plugs annotated by Gary Morris,,,,
2026-08-07T00:00:00.000Z,,,"237040, 151227, 24506",bulkimport_microgliaplug_542,1,1,microglia_plug,"237040, 151227, 24506",,Microglia plug,Bulk import from All own data.xlsx,Søren Grubb (bulk import from All own data.xlsx),,AV -6 / Plugs annotated by Gary Morris,,,,
2026-08-07T00:00:00.000Z,,,"239459, 150816, 24428",bulkimport_microgliaplug_543,1,1,microglia_plug,"239459, 150816, 24428",,Microglia plug,Bulk import from All own data.xlsx,Søren Grubb (bulk import from All own data.xlsx),,AV -6,,,,
2026-08-07T00:00:00.000Z,,,"249296, 144292, 23957",bulkimport_microgliaplug_549,1,1,microglia_plug,"249296, 144292, 23957",,Microglia plug,Bulk import from All own data.xlsx,Søren Grubb (bulk import from All own data.xlsx),,AV -4 / Plugs annotated by Gary Morris,,,,
2026-08-07T00:00:00.000Z,,,"228368, 82311, 23856",bulkimport_microgliaplug_559,1,1,microglia_plug,"228368, 82311, 23856",,Microglia plug,Bulk import from All own data.xlsx,Søren Grubb (bulk import from All own data.xlsx),,AV -2 / Plugs annotated by Gary Morris,,,,
2026-08-07T00:00:00.000Z,,,"228494, 82415, 23837",bulkimport_microgliaplug_560,1,1,microglia_plug,"228494, 82415, 23837",,Microglia plug,Bulk import from All own data.xlsx,Søren Grubb (bulk import from All own data.xlsx),,AV -2 / Plugs annotated by Gary Morris,,,,
2026-08-07T00:00:00.000Z,,,"230659, 82208, 23622",bulkimport_microgliaplug_561,1,1,microglia_plug,"230659, 82208, 23622",,Microglia plug,Bulk import from All own data.xlsx,Søren Grubb (bulk import from All own data.xlsx),,AV -1 / Not sure - but could be a fenestration / Plugs annotated by Gary Morris,,,,
2026-08-07T00:00:00.000Z,,,"256078, 236881, 24132",bulkimport_microgliaplug_563,1,1,microglia_plug,"256078, 236881, 24132",,Microglia plug,Bulk import from All own data.xlsx,Søren Grubb (bulk import from All own data.xlsx),,AV -5,,,,
2026-08-07T00:00:00.000Z,,,"229835, 98852, 23940",bulkimport_microgliaplug_574,1,1,microglia_plug,"229835, 98852, 23940",,Microglia plug,Bulk import from All own data.xlsx,Søren Grubb (bulk import from All own data.xlsx),,AV -4 / Plugs annotated by Gary Morris,,,,
2026-08-07T00:00:00.000Z,,,"229708, 98560, 23896",bulkimport_microgliaplug_575,1,1,microglia_plug,"229708, 98560, 23896",,Microglia plug,Bulk import from All own data.xlsx,Søren Grubb (bulk import from All own data.xlsx),,AV -4 / Plugs annotated by Gary Morris,,,,
2026-08-07T00:00:00.000Z,,,"229707, 98480, 23890",bulkimport_microgliaplug_576,1,1,microglia_plug,"229707, 98480, 23890",,Microglia plug,Bulk import from All own data.xlsx,Søren Grubb (bulk import from All own data.xlsx),,AV -4 / Plugs annotated by Gary Morris,,,,
2026-08-07T00:00:00.000Z,,,"247931, 100895, 24824",bulkimport_microgliaplug_580,1,1,microglia_plug,"247931, 100895, 24824",,Microglia plug,Bulk import from All own data.xlsx,Søren Grubb (bulk import from All own data.xlsx),,AV -4 / Plugs annotated by Gary Morris,,,,
2026-08-07T00:00:00.000Z,,,"248071, 102016, 24851",bulkimport_microgliaplug_581,1,1,microglia_plug,"248071, 102016, 24851",,Microglia plug,Bulk import from All own data.xlsx,Søren Grubb (bulk import from All own data.xlsx),,AV -4 / Plugs annotated by Gary Morris,,,,
2026-08-07T00:00:00.000Z,,,"248831, 100876, 25022",bulkimport_microgliaplug_582,1,1,microglia_plug,"248831, 100876, 25022",,Microglia plug,Bulk import from All own data.xlsx,Søren Grubb (bulk import from All own data.xlsx),,AV -4 / Plugs annotated by Gary Morris,,,,
2026-08-07T00:00:00.000Z,,,"209184, 121574, 25875",bulkimport_microgliaplug_591,1,1,microglia_plug,"209184, 121574, 25875",,Microglia plug,Bulk import from All own data.xlsx,Søren Grubb (bulk import from All own data.xlsx),,AV -9 / Plugs annotated by Gary Morris,,,,
2026-08-07T00:00:00.000Z,,,"208876, 121721, 25860",bulkimport_microgliaplug_592,1,1,microglia_plug,"208876, 121721, 25860",,Microglia plug,Bulk import from All own data.xlsx,Søren Grubb (bulk import from All own data.xlsx),,AV -9 / Plugs annotated by Gary Morris,,,,
2026-08-07T00:00:00.000Z,,,"207528, 120137, 25866",bulkimport_microgliaplug_593,1,1,microglia_plug,"207528, 120137, 25866",,Microglia plug,Bulk import from All own data.xlsx,Søren Grubb (bulk import from All own data.xlsx),,AV -9 / Plugs annotated by Gary Morris,,,,
2026-08-07T00:00:00.000Z,,,"206997, 119564, 25885",bulkimport_microgliaplug_594,1,1,microglia_plug,"206997, 119564, 25885",,Microglia plug,Bulk import from All own data.xlsx,Søren Grubb (bulk import from All own data.xlsx),,AV -9 / Plugs annotated by Gary Morris,,,,
2026-08-07T00:00:00.000Z,,,"228299, 142488, 24440",bulkimport_microgliaplug_600,1,1,microglia_plug,"228299, 142488, 24440",,Microglia plug,Bulk import from All own data.xlsx,Søren Grubb (bulk import from All own data.xlsx),,AV -6 / Wow... Pericyte soma mostly uncovered by astrocytic endfeet! / Plugs annotated by Gary Morris,,,,
2026-08-07T00:00:00.000Z,,,"234220, 174800, 24069",bulkimport_microgliaplug_608,1,1,microglia_plug,"234220, 174800, 24069",,Microglia plug,Bulk import from All own data.xlsx,Søren Grubb (bulk import from All own data.xlsx),,AV -5 / Plugs annotated by Gary Morris,,,,
2026-08-07T00:00:00.000Z,,,"240945, 205798, 25740",bulkimport_microgliaplug_616,1,1,microglia_plug,"240945, 205798, 25740",,Microglia plug,Bulk import from All own data.xlsx,Søren Grubb (bulk import from All own data.xlsx),,AV -3 / Plugs annotated by Gary Morris,,,,
2026-08-07T00:00:00.000Z,,,"242186, 205727, 25861",bulkimport_microgliaplug_617,1,1,microglia_plug,"242186, 205727, 25861",,Microglia plug,Bulk import from All own data.xlsx,Søren Grubb (bulk import from All own data.xlsx),,AV -3 / Plugs annotated by Gary Morris,,,,
2026-08-07T00:00:00.000Z,,,"242425, 205558, 25885",bulkimport_microgliaplug_618,1,1,microglia_plug,"242425, 205558, 25885",,Microglia plug,Bulk import from All own data.xlsx,Søren Grubb (bulk import from All own data.xlsx),,AV -3 / Plugs annotated by Gary Morris,,,,
2026-08-07T00:00:00.000Z,,,"242063, 204469, 25940",bulkimport_microgliaplug_619,1,1,microglia_plug,"242063, 204469, 25940",,Microglia plug,Bulk import from All own data.xlsx,Søren Grubb (bulk import from All own data.xlsx),,AV -3 / Not sure / Plugs annotated by Gary Morris,,,,
2026-08-07T00:00:00.000Z,,,"242151, 205048, 25955",bulkimport_microgliaplug_620,1,1,microglia_plug,"242151, 205048, 25955",,Microglia plug,Bulk import from All own data.xlsx,Søren Grubb (bulk import from All own data.xlsx),,AV -3 / Plugs annotated by Gary Morris,,,,
2026-08-07T00:00:00.000Z,,,"241916, 204940, 25955",bulkimport_microgliaplug_621,1,1,microglia_plug,"241916, 204940, 25955",,Microglia plug,Bulk import from All own data.xlsx,Søren Grubb (bulk import from All own data.xlsx),,AV -3 / Plugs annotated by Gary Morris,,,,
2026-08-07T00:00:00.000Z,,,"242343, 205206, 25971",bulkimport_microgliaplug_622,1,1,microglia_plug,"242343, 205206, 25971",,Microglia plug,Bulk import from All own data.xlsx,Søren Grubb (bulk import from All own data.xlsx),,AV -3 / Plugs annotated by Gary Morris,,,,
2026-08-07T00:00:00.000Z,,,"242052, 205125, 25980",bulkimport_microgliaplug_623,1,1,microglia_plug,"242052, 205125, 25980",,Microglia plug,Bulk import from All own data.xlsx,Søren Grubb (bulk import from All own data.xlsx),,AV -3 / Plugs annotated by Gary Morris,,,,
2026-08-07T00:00:00.000Z,,,"242612, 205484, 25900",bulkimport_microgliaplug_624,1,1,microglia_plug,"242612, 205484, 25900",,Microglia plug,Bulk import from All own data.xlsx,Søren Grubb (bulk import from All own data.xlsx),,AV -3,,,,
2026-08-07T00:00:00.000Z,,,"230581, 233570, 24872",bulkimport_microgliaplug_631,1,1,microglia_plug,"230581, 233570, 24872",,Microglia plug,Bulk import from All own data.xlsx,Søren Grubb (bulk import from All own data.xlsx),,AV -5,,,,
